n_guided,n_free,feeders_1,feeders_2,drop_1,drop_2,is_guided_1,is_guided_2,is_guided_3,is_guided_4,is_guided_5,is_guided_6,is_guided_7,is_guided_8,is_guided_9,is_guided_10,is_guided_11,is_guided_12,c_1,c_2,c_3,c_4,c_5,c_6,c_7,c_8,c_9,c_10,c_11,c_12,r_1,r_2,r_3,r_4,r_5,r_6,r_7,r_8,r_9,r_10,r_11,r_12,releasetime_1,releasetime_2,filename,date,time,delaytime,folderdate,rat,foldername,n_games,str_date,str_time,datetime,version,homebase15
6,6,2,8,1,0,1,1,1,0,0,0,1,1,1,0,0,0,8,8,8,2,8,2,2,2,2,8,2,2,0,0,0,1,0,1,1,1,1,0,1,1,130,130,Game1,20200304,162921,0,30420,Hachi ,/Users/wang/WANG/Lab/Lab_Fellous/RawData_RatExploration/Exploration_Hachi/RawData/030420 ,280,20200304,162921,04-Mar-2020 16:29:21,ee_alterhb,2
6,6,4,6,5,1,1,1,1,0,0,0,1,1,1,0,0,0,6,6,6,4,4,4,4,4,4,4,4,4,1,1,1,5,5,5,5,5,5,5,5,5,130,130,Game1,20200304,162921,0,30420,Hachi ,/Users/wang/WANG/Lab/Lab_Fellous/RawData_RatExploration/Exploration_Hachi/RawData/030420 ,280,20200304,162921,04-Mar-2020 16:29:21,ee_alterhb,1
6,6,2,8,1,5,1,1,1,0,0,0,1,1,1,0,0,0,8,8,8,8,8,8,2,2,2,8,8,8,5,5,5,5,5,5,1,1,1,5,5,5,130,130,Game1,20200304,162921,0,30420,Hachi ,/Users/wang/WANG/Lab/Lab_Fellous/RawData_RatExploration/Exploration_Hachi/RawData/030420 ,280,20200304,162921,04-Mar-2020 16:29:21,ee_alterhb,2
6,6,4,6,5,1,1,1,1,0,0,0,1,1,1,0,0,0,6,6,6,4,4,4,4,4,4,4,4,4,1,1,1,5,5,5,5,5,5,5,5,5,130,130,Game1,20200304,162921,0,30420,Hachi ,/Users/wang/WANG/Lab/Lab_Fellous/RawData_RatExploration/Exploration_Hachi/RawData/030420 ,280,20200304,162921,04-Mar-2020 16:29:21,ee_alterhb,1
6,6,2,8,1,5,1,1,1,0,0,0,1,1,1,0,0,0,8,8,8,8,8,8,2,2,2,8,8,8,5,5,5,5,5,5,1,1,1,5,5,5,130,130,Game1,20200304,162921,0,30420,Hachi ,/Users/wang/WANG/Lab/Lab_Fellous/RawData_RatExploration/Exploration_Hachi/RawData/030420 ,280,20200304,162921,04-Mar-2020 16:29:21,ee_alterhb,2
6,6,4,6,1,0,1,1,1,0,0,0,1,1,1,0,0,0,4,4,4,4,6,6,6,6,6,4,4,4,1,1,1,1,0,0,0,0,0,1,1,1,130,130,Game1,20200304,162921,0,30420,Hachi ,/Users/wang/WANG/Lab/Lab_Fellous/RawData_RatExploration/Exploration_Hachi/RawData/030420 ,280,20200304,162921,04-Mar-2020 16:29:21,ee_alterhb,1
6,6,2,8,1,0,1,1,1,0,0,0,1,1,1,0,0,0,8,8,8,2,8,2,2,2,2,8,8,2,0,0,0,1,0,1,1,1,1,0,0,1,130,130,Game1,20200304,162921,0,30420,Hachi ,/Users/wang/WANG/Lab/Lab_Fellous/RawData_RatExploration/Exploration_Hachi/RawData/030420 ,280,20200304,162921,04-Mar-2020 16:29:21,ee_alterhb,2
6,6,4,6,1,5,1,1,1,0,0,0,1,1,1,0,0,0,4,4,4,4,4,4,6,6,6,6,6,6,1,1,1,1,1,1,5,5,5,5,5,5,130,130,Game1,20200304,162921,0,30420,Hachi ,/Users/wang/WANG/Lab/Lab_Fellous/RawData_RatExploration/Exploration_Hachi/RawData/030420 ,280,20200304,162921,04-Mar-2020 16:29:21,ee_alterhb,1
6,6,2,8,5,1,1,1,1,0,0,0,1,1,1,0,0,0,8,8,8,2,8,2,2,2,2,2,2,2,1,1,1,5,1,5,5,5,5,5,5,5,130,130,Game1,20200304,162921,0,30420,Hachi ,/Users/wang/WANG/Lab/Lab_Fellous/RawData_RatExploration/Exploration_Hachi/RawData/030420 ,280,20200304,162921,04-Mar-2020 16:29:21,ee_alterhb,2
6,6,4,6,1,5,1,1,1,0,0,0,1,1,1,0,0,0,4,4,4,6,6,6,6,6,6,6,6,6,1,1,1,5,5,5,5,5,5,5,5,5,130,130,Game1,20200304,162921,0,30420,Hachi ,/Users/wang/WANG/Lab/Lab_Fellous/RawData_RatExploration/Exploration_Hachi/RawData/030420 ,280,20200304,162921,04-Mar-2020 16:29:21,ee_alterhb,1
6,6,2,8,1,0,1,1,1,0,0,0,1,1,1,0,0,0,8,8,8,2,2,2,2,2,2,8,2,2,0,0,0,1,1,1,1,1,1,0,1,1,130,130,Game1,20200304,162921,0,30420,Hachi ,/Users/wang/WANG/Lab/Lab_Fellous/RawData_RatExploration/Exploration_Hachi/RawData/030420 ,280,20200304,162921,04-Mar-2020 16:29:21,ee_alterhb,2
6,6,2,8,1,0,1,1,1,0,0,0,1,1,1,0,0,0,8,8,8,2,2,2,2,2,2,2,2,2,0,0,0,1,1,1,1,1,1,1,1,1,130,130,Game1,20200305,131417,0,30520,Hachi ,/Users/wang/WANG/Lab/Lab_Fellous/RawData_RatExploration/Exploration_Hachi/RawData/030520 ,282,20200305,131417,05-Mar-2020 13:14:17,ee_alterhb,2
6,6,4,6,5,1,1,1,1,0,0,0,1,1,1,0,0,0,6,6,6,4,4,4,4,4,4,4,4,4,1,1,1,5,5,5,5,5,5,5,5,5,130,130,Game1,20200305,131417,0,30520,Hachi ,/Users/wang/WANG/Lab/Lab_Fellous/RawData_RatExploration/Exploration_Hachi/RawData/030520 ,282,20200305,131417,05-Mar-2020 13:14:17,ee_alterhb,1
6,6,2,8,1,5,1,1,1,0,0,0,1,1,1,0,0,0,8,8,8,8,8,8,2,2,2,8,8,8,5,5,5,5,5,5,1,1,1,5,5,5,130,130,Game1,20200305,131417,0,30520,Hachi ,/Users/wang/WANG/Lab/Lab_Fellous/RawData_RatExploration/Exploration_Hachi/RawData/030520 ,282,20200305,131417,05-Mar-2020 13:14:17,ee_alterhb,2
6,6,4,6,5,1,1,1,1,0,0,0,1,1,1,0,0,0,6,6,6,4,4,4,4,4,4,4,4,4,1,1,1,5,5,5,5,5,5,5,5,5,130,130,Game1,20200305,131417,0,30520,Hachi ,/Users/wang/WANG/Lab/Lab_Fellous/RawData_RatExploration/Exploration_Hachi/RawData/030520 ,282,20200305,131417,05-Mar-2020 13:14:17,ee_alterhb,1
6,6,2,8,1,5,1,1,1,0,0,0,1,1,1,0,0,0,8,8,8,8,8,8,2,2,2,8,8,8,5,5,5,5,5,5,1,1,1,5,5,5,130,130,Game1,20200305,131417,0,30520,Hachi ,/Users/wang/WANG/Lab/Lab_Fellous/RawData_RatExploration/Exploration_Hachi/RawData/030520 ,282,20200305,131417,05-Mar-2020 13:14:17,ee_alterhb,2
6,6,4,6,1,0,1,1,1,0,0,0,1,1,1,0,0,0,4,4,4,6,4,6,6,6,6,4,4,4,1,1,1,0,1,0,0,0,0,1,1,1,130,130,Game1,20200305,131417,0,30520,Hachi ,/Users/wang/WANG/Lab/Lab_Fellous/RawData_RatExploration/Exploration_Hachi/RawData/030520 ,282,20200305,131417,05-Mar-2020 13:14:17,ee_alterhb,1
6,6,2,8,1,0,1,1,1,0,0,0,1,1,1,0,0,0,8,8,8,2,2,2,2,2,2,2,8,2,0,0,0,1,1,1,1,1,1,1,0,1,130,130,Game1,20200305,131417,0,30520,Hachi ,/Users/wang/WANG/Lab/Lab_Fellous/RawData_RatExploration/Exploration_Hachi/RawData/030520 ,282,20200305,131417,05-Mar-2020 13:14:17,ee_alterhb,2
6,6,4,6,1,5,1,1,1,0,0,0,1,1,1,0,0,0,4,4,4,4,4,4,6,6,6,4,4,4,1,1,1,1,1,1,5,5,5,1,1,1,130,130,Game1,20200305,131417,0,30520,Hachi ,/Users/wang/WANG/Lab/Lab_Fellous/RawData_RatExploration/Exploration_Hachi/RawData/030520 ,282,20200305,131417,05-Mar-2020 13:14:17,ee_alterhb,1
6,6,2,8,5,1,1,1,1,0,0,0,1,1,1,0,0,0,8,8,8,2,2,2,2,2,2,2,2,2,1,1,1,5,5,5,5,5,5,5,5,5,130,130,Game1,20200305,131417,0,30520,Hachi ,/Users/wang/WANG/Lab/Lab_Fellous/RawData_RatExploration/Exploration_Hachi/RawData/030520 ,282,20200305,131417,05-Mar-2020 13:14:17,ee_alterhb,2
6,6,4,6,1,5,1,1,1,0,0,0,1,1,1,0,0,0,4,4,4,4,6,4,6,6,6,6,6,6,1,1,1,1,5,1,5,5,5,5,5,5,130,130,Game1,20200305,131417,0,30520,Hachi ,/Users/wang/WANG/Lab/Lab_Fellous/RawData_RatExploration/Exploration_Hachi/RawData/030520 ,282,20200305,131417,05-Mar-2020 13:14:17,ee_alterhb,1
6,6,2,8,1,0,1,1,1,0,0,0,1,1,1,0,0,0,8,8,8,2,2,2,2,2,2,8,2,2,0,0,0,1,1,1,1,1,1,0,1,1,130,130,Game1,20200305,131417,0,30520,Hachi ,/Users/wang/WANG/Lab/Lab_Fellous/RawData_RatExploration/Exploration_Hachi/RawData/030520 ,282,20200305,131417,05-Mar-2020 13:14:17,ee_alterhb,2
6,6,2,8,1,0,1,1,1,0,0,0,1,1,1,0,0,0,8,8,8,2,2,2,2,2,2,8,2,8,0,0,0,1,1,1,1,1,1,0,1,0,130,130,Game1,20200306,150132,0,30620,Hachi ,/Users/wang/WANG/Lab/Lab_Fellous/RawData_RatExploration/Exploration_Hachi/RawData/030620 ,286,20200306,150132,06-Mar-2020 15:01:32,ee_alterhb,2
6,6,4,6,5,1,1,1,1,0,0,0,1,1,1,0,0,0,6,6,6,6,4,4,4,4,4,4,4,4,1,1,1,1,5,5,5,5,5,5,5,5,130,130,Game1,20200306,150132,0,30620,Hachi ,/Users/wang/WANG/Lab/Lab_Fellous/RawData_RatExploration/Exploration_Hachi/RawData/030620 ,286,20200306,150132,06-Mar-2020 15:01:32,ee_alterhb,1
6,6,2,8,1,5,1,1,1,0,0,0,1,1,1,0,0,0,8,8,8,8,8,8,2,2,2,8,8,8,5,5,5,5,5,5,1,1,1,5,5,5,130,130,Game1,20200306,150132,0,30620,Hachi ,/Users/wang/WANG/Lab/Lab_Fellous/RawData_RatExploration/Exploration_Hachi/RawData/030620 ,286,20200306,150132,06-Mar-2020 15:01:32,ee_alterhb,2
6,6,4,6,5,1,1,1,1,0,0,0,1,1,1,0,0,0,6,6,6,4,4,4,4,4,4,4,4,4,1,1,1,5,5,5,5,5,5,5,5,5,130,130,Game1,20200306,150132,0,30620,Hachi ,/Users/wang/WANG/Lab/Lab_Fellous/RawData_RatExploration/Exploration_Hachi/RawData/030620 ,286,20200306,150132,06-Mar-2020 15:01:32,ee_alterhb,1
6,6,2,8,1,5,1,1,1,0,0,0,1,1,1,0,0,0,8,8,8,8,8,8,2,2,2,8,8,8,5,5,5,5,5,5,1,1,1,5,5,5,130,130,Game1,20200306,150132,0,30620,Hachi ,/Users/wang/WANG/Lab/Lab_Fellous/RawData_RatExploration/Exploration_Hachi/RawData/030620 ,286,20200306,150132,06-Mar-2020 15:01:32,ee_alterhb,2
6,6,4,6,1,0,1,1,1,0,0,0,1,1,1,0,0,0,4,4,4,4,4,4,6,6,6,4,4,4,1,1,1,1,1,1,0,0,0,1,1,1,130,130,Game1,20200306,150132,0,30620,Hachi ,/Users/wang/WANG/Lab/Lab_Fellous/RawData_RatExploration/Exploration_Hachi/RawData/030620 ,286,20200306,150132,06-Mar-2020 15:01:32,ee_alterhb,1
6,6,2,8,1,0,1,1,1,0,0,0,1,1,1,0,0,0,8,8,8,2,8,8,2,2,2,8,8,2,0,0,0,1,0,0,1,1,1,0,0,1,130,130,Game1,20200306,150132,0,30620,Hachi ,/Users/wang/WANG/Lab/Lab_Fellous/RawData_RatExploration/Exploration_Hachi/RawData/030620 ,286,20200306,150132,06-Mar-2020 15:01:32,ee_alterhb,2
6,6,4,6,1,5,1,1,1,0,0,0,1,1,1,0,0,0,4,4,4,6,4,4,6,6,6,4,4,4,1,1,1,5,1,1,5,5,5,1,1,1,130,130,Game1,20200306,150132,0,30620,Hachi ,/Users/wang/WANG/Lab/Lab_Fellous/RawData_RatExploration/Exploration_Hachi/RawData/030620 ,286,20200306,150132,06-Mar-2020 15:01:32,ee_alterhb,1
6,6,2,8,5,1,1,1,1,0,0,0,1,1,1,0,0,0,8,8,8,8,2,8,2,2,2,2,2,8,1,1,1,1,5,1,5,5,5,5,5,1,130,130,Game1,20200306,150132,0,30620,Hachi ,/Users/wang/WANG/Lab/Lab_Fellous/RawData_RatExploration/Exploration_Hachi/RawData/030620 ,286,20200306,150132,06-Mar-2020 15:01:32,ee_alterhb,2
6,6,4,6,1,5,1,1,1,0,0,0,1,1,1,0,0,0,4,4,4,4,4,4,6,6,6,6,6,6,1,1,1,1,1,1,5,5,5,5,5,5,130,130,Game1,20200306,150132,0,30620,Hachi ,/Users/wang/WANG/Lab/Lab_Fellous/RawData_RatExploration/Exploration_Hachi/RawData/030620 ,286,20200306,150132,06-Mar-2020 15:01:32,ee_alterhb,1
6,6,2,8,1,0,1,1,1,0,0,0,1,1,1,0,0,0,8,8,8,8,2,8,2,2,2,8,2,2,0,0,0,0,1,0,1,1,1,0,1,1,130,130,Game1,20200306,150132,0,30620,Hachi ,/Users/wang/WANG/Lab/Lab_Fellous/RawData_RatExploration/Exploration_Hachi/RawData/030620 ,286,20200306,150132,06-Mar-2020 15:01:32,ee_alterhb,2
6,6,2,8,1,0,1,1,1,0,0,0,1,1,1,0,0,0,8,8,8,2,2,2,2,2,2,2,2,8,0,0,0,1,1,1,1,1,1,1,1,0,130,130,Game1,20200307,141910,0,30720,Hachi ,/Users/wang/WANG/Lab/Lab_Fellous/RawData_RatExploration/Exploration_Hachi/RawData/030720 ,343,20200307,141910,07-Mar-2020 14:19:10,ee_alterhb,2
6,6,4,6,5,1,1,1,1,0,0,0,1,1,1,0,0,0,6,6,6,6,6,6,4,4,4,4,4,4,1,1,1,1,1,1,5,5,5,5,5,5,130,130,Game1,20200307,141910,0,30720,Hachi ,/Users/wang/WANG/Lab/Lab_Fellous/RawData_RatExploration/Exploration_Hachi/RawData/030720 ,343,20200307,141910,07-Mar-2020 14:19:10,ee_alterhb,1
6,6,2,8,1,5,1,1,1,0,0,0,1,1,1,0,0,0,8,8,8,2,2,8,2,2,2,8,8,8,5,5,5,1,1,5,1,1,1,5,5,5,130,130,Game1,20200307,141910,0,30720,Hachi ,/Users/wang/WANG/Lab/Lab_Fellous/RawData_RatExploration/Exploration_Hachi/RawData/030720 ,343,20200307,141910,07-Mar-2020 14:19:10,ee_alterhb,2
6,6,4,6,5,1,1,1,1,0,0,0,1,1,1,0,0,0,6,6,6,4,4,4,4,4,4,4,4,4,1,1,1,5,5,5,5,5,5,5,5,5,130,130,Game1,20200307,141910,0,30720,Hachi ,/Users/wang/WANG/Lab/Lab_Fellous/RawData_RatExploration/Exploration_Hachi/RawData/030720 ,343,20200307,141910,07-Mar-2020 14:19:10,ee_alterhb,1
6,6,2,8,1,5,1,1,1,0,0,0,1,1,1,0,0,0,8,8,8,8,8,8,2,2,2,8,8,8,5,5,5,5,5,5,1,1,1,5,5,5,130,130,Game1,20200307,141910,0,30720,Hachi ,/Users/wang/WANG/Lab/Lab_Fellous/RawData_RatExploration/Exploration_Hachi/RawData/030720 ,343,20200307,141910,07-Mar-2020 14:19:10,ee_alterhb,2
6,6,4,6,1,0,1,1,1,0,0,0,1,1,1,0,0,0,4,4,4,4,6,6,6,6,6,6,4,6,1,1,1,1,0,0,0,0,0,0,1,0,130,130,Game1,20200307,141910,0,30720,Hachi ,/Users/wang/WANG/Lab/Lab_Fellous/RawData_RatExploration/Exploration_Hachi/RawData/030720 ,343,20200307,141910,07-Mar-2020 14:19:10,ee_alterhb,1
6,6,2,8,1,0,1,1,1,0,0,0,1,1,1,0,0,0,8,8,8,2,8,2,2,2,2,2,2,2,0,0,0,1,0,1,1,1,1,1,1,1,130,130,Game1,20200307,141910,0,30720,Hachi ,/Users/wang/WANG/Lab/Lab_Fellous/RawData_RatExploration/Exploration_Hachi/RawData/030720 ,343,20200307,141910,07-Mar-2020 14:19:10,ee_alterhb,2
6,6,4,6,1,5,1,1,1,0,0,0,1,1,1,0,0,0,4,4,4,4,4,4,6,6,6,4,6,6,1,1,1,1,1,1,5,5,5,1,5,5,130,130,Game1,20200307,141910,0,30720,Hachi ,/Users/wang/WANG/Lab/Lab_Fellous/RawData_RatExploration/Exploration_Hachi/RawData/030720 ,343,20200307,141910,07-Mar-2020 14:19:10,ee_alterhb,1
6,6,2,8,5,1,1,1,1,0,0,0,1,1,1,0,0,0,8,8,8,8,8,8,2,2,2,2,2,2,1,1,1,1,1,1,5,5,5,5,5,5,130,130,Game1,20200307,141910,0,30720,Hachi ,/Users/wang/WANG/Lab/Lab_Fellous/RawData_RatExploration/Exploration_Hachi/RawData/030720 ,343,20200307,141910,07-Mar-2020 14:19:10,ee_alterhb,2
6,6,4,6,1,5,1,1,1,0,0,0,1,1,1,0,0,0,4,4,4,4,6,6,6,6,6,6,6,6,1,1,1,1,5,5,5,5,5,5,5,5,130,130,Game1,20200307,141910,0,30720,Hachi ,/Users/wang/WANG/Lab/Lab_Fellous/RawData_RatExploration/Exploration_Hachi/RawData/030720 ,343,20200307,141910,07-Mar-2020 14:19:10,ee_alterhb,1
6,6,2,8,1,0,1,1,1,0,0,0,1,1,1,0,0,0,8,8,8,2,2,2,2,2,2,8,2,2,0,0,0,1,1,1,1,1,1,0,1,1,130,130,Game1,20200307,141910,0,30720,Hachi ,/Users/wang/WANG/Lab/Lab_Fellous/RawData_RatExploration/Exploration_Hachi/RawData/030720 ,343,20200307,141910,07-Mar-2020 14:19:10,ee_alterhb,2
6,6,4,6,1,0,1,1,1,0,0,0,1,1,1,0,0,0,4,4,4,6,6,4,6,6,6,4,4,4,1,1,1,0,0,1,0,0,0,1,1,1,130,130,Game1,20200307,141910,0,30720,Hachi ,/Users/wang/WANG/Lab/Lab_Fellous/RawData_RatExploration/Exploration_Hachi/RawData/030720 ,343,20200307,141910,07-Mar-2020 14:19:10,ee_alterhb,1
6,6,2,8,1,5,1,1,1,0,0,0,1,1,1,0,0,0,8,8,8,8,8,8,2,2,2,2,8,8,5,5,5,5,5,5,1,1,1,1,5,5,130,130,Game1,20200307,141910,0,30720,Hachi ,/Users/wang/WANG/Lab/Lab_Fellous/RawData_RatExploration/Exploration_Hachi/RawData/030720 ,343,20200307,141910,07-Mar-2020 14:19:10,ee_alterhb,2
6,6,2,8,1,0,1,1,1,0,0,0,1,1,1,0,0,0,8,8,8,2,2,2,2,2,2,8,2,2,0,0,0,1,1,1,1,1,1,0,1,1,130,130,Game1,20200313,144017,0,31320,Hachi ,/Users/wang/WANG/Lab/Lab_Fellous/RawData_RatExploration/Exploration_Hachi/RawData/031320 ,166,20200313,144017,13-Mar-2020 14:40:17,ee_alterhb,2
6,6,4,6,5,1,1,1,1,0,0,0,1,1,1,0,0,0,6,6,6,6,6,4,4,4,4,4,4,4,1,1,1,1,1,5,5,5,5,5,5,5,130,130,Game1,20200313,144017,0,31320,Hachi ,/Users/wang/WANG/Lab/Lab_Fellous/RawData_RatExploration/Exploration_Hachi/RawData/031320 ,166,20200313,144017,13-Mar-2020 14:40:17,ee_alterhb,1
6,6,2,8,1,5,1,1,1,0,0,0,1,1,1,0,0,0,8,8,8,8,8,8,2,2,2,8,8,8,5,5,5,5,5,5,1,1,1,5,5,5,130,130,Game1,20200313,144017,0,31320,Hachi ,/Users/wang/WANG/Lab/Lab_Fellous/RawData_RatExploration/Exploration_Hachi/RawData/031320 ,166,20200313,144017,13-Mar-2020 14:40:17,ee_alterhb,2
6,6,4,6,5,1,1,1,1,0,0,0,1,1,1,0,0,0,6,6,6,4,4,4,4,4,4,4,4,4,1,1,1,5,5,5,5,5,5,5,5,5,130,130,Game1,20200313,144017,0,31320,Hachi ,/Users/wang/WANG/Lab/Lab_Fellous/RawData_RatExploration/Exploration_Hachi/RawData/031320 ,166,20200313,144017,13-Mar-2020 14:40:17,ee_alterhb,1
6,6,2,8,1,5,1,1,1,0,0,0,1,1,1,0,0,0,8,8,8,8,8,8,2,2,2,8,8,8,5,5,5,5,5,5,1,1,1,5,5,5,130,130,Game1,20200313,144017,0,31320,Hachi ,/Users/wang/WANG/Lab/Lab_Fellous/RawData_RatExploration/Exploration_Hachi/RawData/031320 ,166,20200313,144017,13-Mar-2020 14:40:17,ee_alterhb,2
6,6,4,6,1,0,1,1,1,0,0,0,1,1,1,0,0,0,4,4,4,6,4,4,6,6,6,4,4,4,1,1,1,0,1,1,0,0,0,1,1,1,130,130,Game1,20200313,144017,0,31320,Hachi ,/Users/wang/WANG/Lab/Lab_Fellous/RawData_RatExploration/Exploration_Hachi/RawData/031320 ,166,20200313,144017,13-Mar-2020 14:40:17,ee_alterhb,1
6,6,2,8,1,0,1,1,1,0,0,0,1,1,1,0,0,0,8,8,8,2,2,2,2,2,2,2,2,2,0,0,0,1,1,1,1,1,1,1,1,1,130,130,Game1,20200314,192713,0,31420,Hachi ,/Users/wang/WANG/Lab/Lab_Fellous/RawData_RatExploration/Exploration_Hachi/RawData/031420 ,208,20200314,192713,14-Mar-2020 19:27:13,ee_alterhb,2
6,6,4,6,5,1,1,1,1,0,0,0,1,1,1,0,0,0,6,6,6,4,4,4,4,4,4,4,4,4,1,1,1,5,5,5,5,5,5,5,5,5,130,130,Game1,20200314,192713,0,31420,Hachi ,/Users/wang/WANG/Lab/Lab_Fellous/RawData_RatExploration/Exploration_Hachi/RawData/031420 ,208,20200314,192713,14-Mar-2020 19:27:13,ee_alterhb,1
6,6,2,8,1,5,1,1,1,0,0,0,1,1,1,0,0,0,8,8,8,8,8,8,2,2,2,8,8,8,5,5,5,5,5,5,1,1,1,5,5,5,130,130,Game1,20200314,192713,0,31420,Hachi ,/Users/wang/WANG/Lab/Lab_Fellous/RawData_RatExploration/Exploration_Hachi/RawData/031420 ,208,20200314,192713,14-Mar-2020 19:27:13,ee_alterhb,2
6,6,4,6,5,1,1,1,1,0,0,0,1,1,1,0,0,0,6,6,6,4,4,4,4,4,4,4,4,4,1,1,1,5,5,5,5,5,5,5,5,5,130,130,Game1,20200314,192713,0,31420,Hachi ,/Users/wang/WANG/Lab/Lab_Fellous/RawData_RatExploration/Exploration_Hachi/RawData/031420 ,208,20200314,192713,14-Mar-2020 19:27:13,ee_alterhb,1
6,6,2,8,1,5,1,1,1,0,0,0,1,1,1,0,0,0,8,8,8,2,8,8,2,2,2,8,8,8,5,5,5,1,5,5,1,1,1,5,5,5,130,130,Game1,20200314,192713,0,31420,Hachi ,/Users/wang/WANG/Lab/Lab_Fellous/RawData_RatExploration/Exploration_Hachi/RawData/031420 ,208,20200314,192713,14-Mar-2020 19:27:13,ee_alterhb,2
6,6,4,6,1,0,1,1,1,0,0,0,1,1,1,0,0,0,4,4,4,6,4,4,6,6,6,4,4,6,1,1,1,0,1,1,0,0,0,1,1,0,130,130,Game1,20200314,192713,0,31420,Hachi ,/Users/wang/WANG/Lab/Lab_Fellous/RawData_RatExploration/Exploration_Hachi/RawData/031420 ,208,20200314,192713,14-Mar-2020 19:27:13,ee_alterhb,1
6,6,2,8,1,0,1,1,1,0,0,0,1,1,1,0,0,0,8,8,8,2,2,2,2,2,2,8,8,8,0,0,0,1,1,1,1,1,1,0,0,0,130,130,Game1,20200314,192713,0,31420,Hachi ,/Users/wang/WANG/Lab/Lab_Fellous/RawData_RatExploration/Exploration_Hachi/RawData/031420 ,208,20200314,192713,14-Mar-2020 19:27:13,ee_alterhb,2
6,6,4,6,1,5,1,1,1,0,0,0,1,1,1,0,0,0,4,4,4,4,4,4,6,6,6,6,6,6,1,1,1,1,1,1,5,5,5,5,5,5,130,130,Game1,20200314,192713,0,31420,Hachi ,/Users/wang/WANG/Lab/Lab_Fellous/RawData_RatExploration/Exploration_Hachi/RawData/031420 ,208,20200314,192713,14-Mar-2020 19:27:13,ee_alterhb,1
6,6,2,8,1,0,1,1,1,0,0,0,1,1,1,0,0,0,8,8,8,2,2,2,2,2,2,2,8,2,0,0,0,1,1,1,1,1,1,1,0,1,130,130,Game1,20200317,130446,0,31720,Hachi ,/Users/wang/WANG/Lab/Lab_Fellous/RawData_RatExploration/Exploration_Hachi/RawData/031720 ,152,20200317,130446,17-Mar-2020 13:04:46,ee_alterhb,2
6,6,4,6,5,1,1,1,1,0,0,0,1,1,1,0,0,0,6,6,6,4,4,4,4,4,4,4,4,4,1,1,1,5,5,5,5,5,5,5,5,5,130,130,Game1,20200317,130446,0,31720,Hachi ,/Users/wang/WANG/Lab/Lab_Fellous/RawData_RatExploration/Exploration_Hachi/RawData/031720 ,152,20200317,130446,17-Mar-2020 13:04:46,ee_alterhb,1
6,6,2,8,1,5,1,1,1,0,0,0,1,1,1,0,0,0,8,8,8,8,8,8,2,2,2,8,8,8,5,5,5,5,5,5,1,1,1,5,5,5,130,130,Game1,20200317,130446,0,31720,Hachi ,/Users/wang/WANG/Lab/Lab_Fellous/RawData_RatExploration/Exploration_Hachi/RawData/031720 ,152,20200317,130446,17-Mar-2020 13:04:46,ee_alterhb,2
6,6,4,6,5,1,1,1,1,0,0,0,1,1,1,0,0,0,6,6,6,4,4,4,4,4,4,4,4,4,1,1,1,5,5,5,5,5,5,5,5,5,130,130,Game1,20200317,130446,0,31720,Hachi ,/Users/wang/WANG/Lab/Lab_Fellous/RawData_RatExploration/Exploration_Hachi/RawData/031720 ,152,20200317,130446,17-Mar-2020 13:04:46,ee_alterhb,1
6,6,2,8,1,5,1,1,1,0,0,0,1,1,1,0,0,0,8,8,8,2,8,8,2,2,2,8,8,8,5,5,5,1,5,5,1,1,1,5,5,5,130,130,Game1,20200317,130446,0,31720,Hachi ,/Users/wang/WANG/Lab/Lab_Fellous/RawData_RatExploration/Exploration_Hachi/RawData/031720 ,152,20200317,130446,17-Mar-2020 13:04:46,ee_alterhb,2
6,6,4,6,1,0,1,1,1,0,0,0,1,1,1,0,0,0,4,4,4,4,4,4,6,6,6,4,4,4,1,1,1,1,1,1,0,0,0,1,1,1,130,130,Game1,20200317,130446,0,31720,Hachi ,/Users/wang/WANG/Lab/Lab_Fellous/RawData_RatExploration/Exploration_Hachi/RawData/031720 ,152,20200317,130446,17-Mar-2020 13:04:46,ee_alterhb,1
6,6,2,8,1,0,1,1,1,0,0,0,1,1,1,0,0,0,8,8,8,2,2,2,2,2,2,2,2,8,0,0,0,1,1,1,1,1,1,1,1,0,130,130,Game1,20200318,162429,0,31820,Hachi ,/Users/wang/WANG/Lab/Lab_Fellous/RawData_RatExploration/Exploration_Hachi/RawData/031820 ,233,20200318,162429,18-Mar-2020 16:24:29,ee_alterhb,2
6,6,4,6,5,1,1,1,1,0,0,0,1,1,1,0,0,0,6,6,6,4,4,4,4,4,4,4,4,4,1,1,1,5,5,5,5,5,5,5,5,5,130,130,Game1,20200318,162429,0,31820,Hachi ,/Users/wang/WANG/Lab/Lab_Fellous/RawData_RatExploration/Exploration_Hachi/RawData/031820 ,233,20200318,162429,18-Mar-2020 16:24:29,ee_alterhb,1
6,6,2,8,1,5,1,1,1,0,0,0,1,1,1,0,0,0,8,8,8,8,8,8,2,2,2,8,8,8,5,5,5,5,5,5,1,1,1,5,5,5,130,130,Game1,20200318,162429,0,31820,Hachi ,/Users/wang/WANG/Lab/Lab_Fellous/RawData_RatExploration/Exploration_Hachi/RawData/031820 ,233,20200318,162429,18-Mar-2020 16:24:29,ee_alterhb,2
6,6,4,6,5,1,1,1,1,0,0,0,1,1,1,0,0,0,6,6,6,4,4,4,4,4,4,4,4,4,1,1,1,5,5,5,5,5,5,5,5,5,130,130,Game1,20200318,162429,0,31820,Hachi ,/Users/wang/WANG/Lab/Lab_Fellous/RawData_RatExploration/Exploration_Hachi/RawData/031820 ,233,20200318,162429,18-Mar-2020 16:24:29,ee_alterhb,1
6,6,2,8,1,5,1,1,1,0,0,0,1,1,1,0,0,0,8,8,8,8,8,8,2,2,2,8,8,8,5,5,5,5,5,5,1,1,1,5,5,5,130,130,Game1,20200318,162429,0,31820,Hachi ,/Users/wang/WANG/Lab/Lab_Fellous/RawData_RatExploration/Exploration_Hachi/RawData/031820 ,233,20200318,162429,18-Mar-2020 16:24:29,ee_alterhb,2
6,6,4,6,1,0,1,1,1,0,0,0,1,1,1,0,0,0,4,4,4,4,4,4,6,6,6,4,4,4,1,1,1,1,1,1,0,0,0,1,1,1,130,130,Game1,20200318,162429,0,31820,Hachi ,/Users/wang/WANG/Lab/Lab_Fellous/RawData_RatExploration/Exploration_Hachi/RawData/031820 ,233,20200318,162429,18-Mar-2020 16:24:29,ee_alterhb,1
6,6,2,8,1,0,1,1,1,0,0,0,1,1,1,0,0,0,8,8,8,2,8,2,2,2,2,8,2,2,0,0,0,1,0,1,1,1,1,0,1,1,130,130,Game1,20200318,162429,0,31820,Hachi ,/Users/wang/WANG/Lab/Lab_Fellous/RawData_RatExploration/Exploration_Hachi/RawData/031820 ,233,20200318,162429,18-Mar-2020 16:24:29,ee_alterhb,2
6,6,4,6,1,5,1,1,1,0,0,0,1,1,1,0,0,0,4,4,4,4,4,6,6,6,6,6,6,6,1,1,1,1,1,5,5,5,5,5,5,5,130,130,Game1,20200318,162429,0,31820,Hachi ,/Users/wang/WANG/Lab/Lab_Fellous/RawData_RatExploration/Exploration_Hachi/RawData/031820 ,233,20200318,162429,18-Mar-2020 16:24:29,ee_alterhb,1
6,6,2,8,5,1,1,1,1,0,0,0,1,1,1,0,0,0,8,8,8,8,8,2,2,2,2,2,2,2,1,1,1,1,1,5,5,5,5,5,5,5,130,130,Game1,20200318,162429,0,31820,Hachi ,/Users/wang/WANG/Lab/Lab_Fellous/RawData_RatExploration/Exploration_Hachi/RawData/031820 ,233,20200318,162429,18-Mar-2020 16:24:29,ee_alterhb,2
6,6,2,8,1,0,1,1,1,0,0,0,1,1,1,0,0,0,8,8,8,2,2,2,2,2,2,8,2,2,0,0,0,1,1,1,1,1,1,0,1,1,90,90,Game1,20200319,143757,0,31920,Hachi ,/Users/wang/WANG/Lab/Lab_Fellous/RawData_RatExploration/Exploration_Hachi/RawData/031920 ,287,20200319,143757,19-Mar-2020 14:37:57,ee_alterhb,2
6,6,4,6,5,1,1,1,1,0,0,0,1,1,1,0,0,0,6,6,6,4,4,4,4,4,4,4,4,4,1,1,1,5,5,5,5,5,5,5,5,5,90,90,Game1,20200319,143757,0,31920,Hachi ,/Users/wang/WANG/Lab/Lab_Fellous/RawData_RatExploration/Exploration_Hachi/RawData/031920 ,287,20200319,143757,19-Mar-2020 14:37:57,ee_alterhb,1
6,6,2,8,1,5,1,1,1,0,0,0,1,1,1,0,0,0,8,8,8,8,8,8,2,2,2,8,8,8,5,5,5,5,5,5,1,1,1,5,5,5,90,90,Game1,20200319,143757,0,31920,Hachi ,/Users/wang/WANG/Lab/Lab_Fellous/RawData_RatExploration/Exploration_Hachi/RawData/031920 ,287,20200319,143757,19-Mar-2020 14:37:57,ee_alterhb,2
6,6,4,6,5,1,1,1,1,0,0,0,1,1,1,0,0,0,6,6,6,4,4,4,4,4,4,4,4,4,1,1,1,5,5,5,5,5,5,5,5,5,90,90,Game1,20200319,143757,0,31920,Hachi ,/Users/wang/WANG/Lab/Lab_Fellous/RawData_RatExploration/Exploration_Hachi/RawData/031920 ,287,20200319,143757,19-Mar-2020 14:37:57,ee_alterhb,1
6,6,2,8,1,5,1,1,1,0,0,0,1,1,1,0,0,0,8,8,8,8,8,8,2,2,2,8,8,8,5,5,5,5,5,5,1,1,1,5,5,5,90,90,Game1,20200319,143757,0,31920,Hachi ,/Users/wang/WANG/Lab/Lab_Fellous/RawData_RatExploration/Exploration_Hachi/RawData/031920 ,287,20200319,143757,19-Mar-2020 14:37:57,ee_alterhb,2
6,6,4,6,1,0,1,1,1,0,0,0,1,1,1,0,0,0,4,4,4,6,4,4,6,6,6,4,4,4,1,1,1,0,1,1,0,0,0,1,1,1,90,90,Game1,20200319,143757,0,31920,Hachi ,/Users/wang/WANG/Lab/Lab_Fellous/RawData_RatExploration/Exploration_Hachi/RawData/031920 ,287,20200319,143757,19-Mar-2020 14:37:57,ee_alterhb,1
6,6,2,8,1,0,1,1,1,0,0,0,1,1,1,0,0,0,8,8,8,8,2,2,2,2,2,8,8,2,0,0,0,0,1,1,1,1,1,0,0,1,90,90,Game1,20200319,143757,0,31920,Hachi ,/Users/wang/WANG/Lab/Lab_Fellous/RawData_RatExploration/Exploration_Hachi/RawData/031920 ,287,20200319,143757,19-Mar-2020 14:37:57,ee_alterhb,2
6,6,4,6,1,5,1,1,1,0,0,0,1,1,1,0,0,0,4,4,4,4,6,6,6,6,6,6,6,6,1,1,1,1,5,5,5,5,5,5,5,5,90,90,Game1,20200319,143757,0,31920,Hachi ,/Users/wang/WANG/Lab/Lab_Fellous/RawData_RatExploration/Exploration_Hachi/RawData/031920 ,287,20200319,143757,19-Mar-2020 14:37:57,ee_alterhb,1
6,6,2,8,5,1,1,1,1,0,0,0,1,1,1,0,0,0,8,8,8,8,8,8,2,2,2,8,8,8,1,1,1,1,1,1,5,5,5,1,1,1,90,90,Game1,20200319,143757,0,31920,Hachi ,/Users/wang/WANG/Lab/Lab_Fellous/RawData_RatExploration/Exploration_Hachi/RawData/031920 ,287,20200319,143757,19-Mar-2020 14:37:57,ee_alterhb,2
6,6,4,6,1,5,1,1,1,0,0,0,1,1,1,0,0,0,4,4,4,6,6,6,6,6,6,6,6,6,1,1,1,5,5,5,5,5,5,5,5,5,90,90,Game1,20200319,143757,0,31920,Hachi ,/Users/wang/WANG/Lab/Lab_Fellous/RawData_RatExploration/Exploration_Hachi/RawData/031920 ,287,20200319,143757,19-Mar-2020 14:37:57,ee_alterhb,1
6,6,2,8,1,0,1,1,1,0,0,0,1,1,1,0,0,0,8,8,8,2,8,2,2,2,2,8,2,2,0,0,0,1,0,1,1,1,1,0,1,1,90,90,Game1,20200319,143757,0,31920,Hachi ,/Users/wang/WANG/Lab/Lab_Fellous/RawData_RatExploration/Exploration_Hachi/RawData/031920 ,287,20200319,143757,19-Mar-2020 14:37:57,ee_alterhb,2
6,6,2,8,1,0,1,1,1,0,0,0,1,1,1,0,0,0,8,8,8,2,2,2,2,2,2,8,2,2,0,0,0,1,1,1,1,1,1,0,1,1,90,90,Game1,20200321,152326,0,32120,Hachi ,/Users/wang/WANG/Lab/Lab_Fellous/RawData_RatExploration/Exploration_Hachi/RawData/032120 ,347,20200321,152326,21-Mar-2020 15:23:26,ee_alterhb,2
6,6,4,6,5,1,1,1,1,0,0,0,1,1,1,0,0,0,6,6,6,4,4,4,4,4,4,4,4,4,1,1,1,5,5,5,5,5,5,5,5,5,90,90,Game1,20200321,152326,0,32120,Hachi ,/Users/wang/WANG/Lab/Lab_Fellous/RawData_RatExploration/Exploration_Hachi/RawData/032120 ,347,20200321,152326,21-Mar-2020 15:23:26,ee_alterhb,1
6,6,2,8,1,5,1,1,1,0,0,0,1,1,1,0,0,0,8,8,8,8,8,8,2,2,2,8,8,8,5,5,5,5,5,5,1,1,1,5,5,5,90,90,Game1,20200321,152326,0,32120,Hachi ,/Users/wang/WANG/Lab/Lab_Fellous/RawData_RatExploration/Exploration_Hachi/RawData/032120 ,347,20200321,152326,21-Mar-2020 15:23:26,ee_alterhb,2
6,6,4,6,5,1,1,1,1,0,0,0,1,1,1,0,0,0,6,6,6,4,4,4,4,4,4,4,4,4,1,1,1,5,5,5,5,5,5,5,5,5,90,90,Game1,20200321,152326,0,32120,Hachi ,/Users/wang/WANG/Lab/Lab_Fellous/RawData_RatExploration/Exploration_Hachi/RawData/032120 ,347,20200321,152326,21-Mar-2020 15:23:26,ee_alterhb,1
6,6,2,8,1,5,1,1,1,0,0,0,1,1,1,0,0,0,8,8,8,8,8,8,2,2,2,8,8,8,5,5,5,5,5,5,1,1,1,5,5,5,90,90,Game1,20200321,152326,0,32120,Hachi ,/Users/wang/WANG/Lab/Lab_Fellous/RawData_RatExploration/Exploration_Hachi/RawData/032120 ,347,20200321,152326,21-Mar-2020 15:23:26,ee_alterhb,2
6,6,4,6,1,0,1,1,1,0,0,0,1,1,1,0,0,0,4,4,4,4,4,6,6,6,6,4,4,4,1,1,1,1,1,0,0,0,0,1,1,1,90,90,Game1,20200321,152326,0,32120,Hachi ,/Users/wang/WANG/Lab/Lab_Fellous/RawData_RatExploration/Exploration_Hachi/RawData/032120 ,347,20200321,152326,21-Mar-2020 15:23:26,ee_alterhb,1
6,6,2,8,1,0,1,1,1,0,0,0,1,1,1,0,0,0,8,8,8,2,8,8,2,2,2,8,2,2,0,0,0,1,0,0,1,1,1,0,1,1,90,90,Game1,20200321,152326,0,32120,Hachi ,/Users/wang/WANG/Lab/Lab_Fellous/RawData_RatExploration/Exploration_Hachi/RawData/032120 ,347,20200321,152326,21-Mar-2020 15:23:26,ee_alterhb,2
6,6,4,6,1,5,1,1,1,0,0,0,1,1,1,0,0,0,4,4,4,6,4,4,6,6,6,6,6,6,1,1,1,5,1,1,5,5,5,5,5,5,90,90,Game1,20200321,152326,0,32120,Hachi ,/Users/wang/WANG/Lab/Lab_Fellous/RawData_RatExploration/Exploration_Hachi/RawData/032120 ,347,20200321,152326,21-Mar-2020 15:23:26,ee_alterhb,1
6,6,2,8,5,1,1,1,1,0,0,0,1,1,1,0,0,0,8,8,8,8,2,8,2,2,2,8,8,8,1,1,1,1,5,1,5,5,5,1,1,1,90,90,Game1,20200321,152326,0,32120,Hachi ,/Users/wang/WANG/Lab/Lab_Fellous/RawData_RatExploration/Exploration_Hachi/RawData/032120 ,347,20200321,152326,21-Mar-2020 15:23:26,ee_alterhb,2
6,6,4,6,1,5,1,1,1,0,0,0,1,1,1,0,0,0,4,4,4,6,6,6,6,6,6,6,6,6,1,1,1,5,5,5,5,5,5,5,5,5,90,90,Game1,20200321,152326,0,32120,Hachi ,/Users/wang/WANG/Lab/Lab_Fellous/RawData_RatExploration/Exploration_Hachi/RawData/032120 ,347,20200321,152326,21-Mar-2020 15:23:26,ee_alterhb,1
6,6,2,8,1,0,1,1,1,0,0,0,1,1,1,0,0,0,8,8,8,2,2,2,2,2,2,8,2,2,0,0,0,1,1,1,1,1,1,0,1,1,90,90,Game1,20200321,152326,0,32120,Hachi ,/Users/wang/WANG/Lab/Lab_Fellous/RawData_RatExploration/Exploration_Hachi/RawData/032120 ,347,20200321,152326,21-Mar-2020 15:23:26,ee_alterhb,2
6,6,4,6,1,0,1,1,1,0,0,0,1,1,1,0,0,0,4,4,4,6,4,6,6,6,6,4,4,4,1,1,1,0,1,0,0,0,0,1,1,1,90,90,Game1,20200321,152326,0,32120,Hachi ,/Users/wang/WANG/Lab/Lab_Fellous/RawData_RatExploration/Exploration_Hachi/RawData/032120 ,347,20200321,152326,21-Mar-2020 15:23:26,ee_alterhb,1
6,6,2,8,1,5,1,1,1,0,0,0,1,1,1,0,0,0,8,8,8,8,8,8,2,2,2,8,8,8,5,5,5,5,5,5,1,1,1,5,5,5,90,90,Game1,20200321,152326,0,32120,Hachi ,/Users/wang/WANG/Lab/Lab_Fellous/RawData_RatExploration/Exploration_Hachi/RawData/032120 ,347,20200321,152326,21-Mar-2020 15:23:26,ee_alterhb,2
6,6,2,8,1,0,1,1,1,0,0,0,1,1,1,0,0,0,8,8,8,2,8,2,2,2,2,2,2,2,0,0,0,1,0,1,1,1,1,1,1,1,130,130,Game1,20200304,134606,0,30420,Ratzo ,/Users/wang/WANG/Lab/Lab_Fellous/RawData_RatExploration/Exploration_Ratzo/RawData/030420 ,136,20200304,134606,04-Mar-2020 13:46:06,ee_alterhb,2
6,6,4,6,5,1,1,1,1,0,0,0,1,1,1,0,0,0,6,6,6,4,4,4,4,4,4,4,4,4,1,1,1,5,5,5,5,5,5,5,5,5,130,130,Game1,20200304,134606,0,30420,Ratzo ,/Users/wang/WANG/Lab/Lab_Fellous/RawData_RatExploration/Exploration_Ratzo/RawData/030420 ,136,20200304,134606,04-Mar-2020 13:46:06,ee_alterhb,1
6,6,2,8,1,5,1,1,1,0,0,0,1,1,1,0,0,0,8,8,8,8,8,8,2,2,2,8,8,8,5,5,5,5,5,5,1,1,1,5,5,5,130,130,Game1,20200304,134606,0,30420,Ratzo ,/Users/wang/WANG/Lab/Lab_Fellous/RawData_RatExploration/Exploration_Ratzo/RawData/030420 ,136,20200304,134606,04-Mar-2020 13:46:06,ee_alterhb,2
6,6,4,6,5,1,1,1,1,0,0,0,1,1,1,0,0,0,6,6,6,4,4,4,4,4,4,4,4,4,1,1,1,5,5,5,5,5,5,5,5,5,130,130,Game1,20200304,134606,0,30420,Ratzo ,/Users/wang/WANG/Lab/Lab_Fellous/RawData_RatExploration/Exploration_Ratzo/RawData/030420 ,136,20200304,134606,04-Mar-2020 13:46:06,ee_alterhb,1
6,6,2,8,1,5,1,1,1,0,0,0,1,1,1,0,0,0,8,8,8,8,8,8,2,2,2,8,8,8,5,5,5,5,5,5,1,1,1,5,5,5,130,130,Game1,20200304,134606,0,30420,Ratzo ,/Users/wang/WANG/Lab/Lab_Fellous/RawData_RatExploration/Exploration_Ratzo/RawData/030420 ,136,20200304,134606,04-Mar-2020 13:46:06,ee_alterhb,2
6,6,2,8,1,0,1,1,1,0,0,0,1,1,1,0,0,0,8,8,8,2,8,2,2,2,2,8,2,2,0,0,0,1,0,1,1,1,1,0,1,1,130,130,Game1,20200305,93915,0,30520,Ratzo ,/Users/wang/WANG/Lab/Lab_Fellous/RawData_RatExploration/Exploration_Ratzo/RawData/030520 ,152,20200305,93915,05-Mar-2020 09:39:15,ee_alterhb,2
6,6,4,6,5,1,1,1,1,0,0,0,1,1,1,0,0,0,6,6,6,6,4,4,4,4,4,4,4,4,1,1,1,1,5,5,5,5,5,5,5,5,130,130,Game1,20200305,93915,0,30520,Ratzo ,/Users/wang/WANG/Lab/Lab_Fellous/RawData_RatExploration/Exploration_Ratzo/RawData/030520 ,152,20200305,93915,05-Mar-2020 09:39:15,ee_alterhb,1
6,6,2,8,1,5,1,1,1,0,0,0,1,1,1,0,0,0,8,8,8,8,8,2,2,2,2,8,8,2,5,5,5,5,5,1,1,1,1,5,5,1,130,130,Game1,20200305,93915,0,30520,Ratzo ,/Users/wang/WANG/Lab/Lab_Fellous/RawData_RatExploration/Exploration_Ratzo/RawData/030520 ,152,20200305,93915,05-Mar-2020 09:39:15,ee_alterhb,2
6,6,4,6,5,1,1,1,1,0,0,0,1,1,1,0,0,0,6,6,6,4,4,4,4,4,4,4,4,4,1,1,1,5,5,5,5,5,5,5,5,5,130,130,Game1,20200305,93915,0,30520,Ratzo ,/Users/wang/WANG/Lab/Lab_Fellous/RawData_RatExploration/Exploration_Ratzo/RawData/030520 ,152,20200305,93915,05-Mar-2020 09:39:15,ee_alterhb,1
6,6,2,8,1,5,1,1,1,0,0,0,1,1,1,0,0,0,8,8,8,8,8,8,2,2,2,8,8,8,5,5,5,5,5,5,1,1,1,5,5,5,130,130,Game1,20200305,93915,0,30520,Ratzo ,/Users/wang/WANG/Lab/Lab_Fellous/RawData_RatExploration/Exploration_Ratzo/RawData/030520 ,152,20200305,93915,05-Mar-2020 09:39:15,ee_alterhb,2
6,6,4,6,1,0,1,1,1,0,0,0,1,1,1,0,0,0,4,4,4,4,4,4,6,6,6,4,4,4,1,1,1,1,1,1,0,0,0,1,1,1,130,130,Game1,20200305,93915,0,30520,Ratzo ,/Users/wang/WANG/Lab/Lab_Fellous/RawData_RatExploration/Exploration_Ratzo/RawData/030520 ,152,20200305,93915,05-Mar-2020 09:39:15,ee_alterhb,1
6,6,2,8,1,0,1,1,1,0,0,0,1,1,1,0,0,0,8,8,8,2,8,8,2,2,2,2,2,8,0,0,0,1,0,0,1,1,1,1,1,0,130,130,Game1,20200306,120243,0,30620,Ratzo ,/Users/wang/WANG/Lab/Lab_Fellous/RawData_RatExploration/Exploration_Ratzo/RawData/030620 ,202,20200306,120243,06-Mar-2020 12:02:43,ee_alterhb,2
6,6,4,6,5,1,1,1,1,0,0,0,1,1,1,0,0,0,6,6,6,4,6,4,4,4,4,4,4,4,1,1,1,5,1,5,5,5,5,5,5,5,130,130,Game1,20200306,120243,0,30620,Ratzo ,/Users/wang/WANG/Lab/Lab_Fellous/RawData_RatExploration/Exploration_Ratzo/RawData/030620 ,202,20200306,120243,06-Mar-2020 12:02:43,ee_alterhb,1
6,6,2,8,1,5,1,1,1,0,0,0,1,1,1,0,0,0,8,8,8,8,8,8,2,2,2,8,8,8,5,5,5,5,5,5,1,1,1,5,5,5,130,130,Game1,20200306,120243,0,30620,Ratzo ,/Users/wang/WANG/Lab/Lab_Fellous/RawData_RatExploration/Exploration_Ratzo/RawData/030620 ,202,20200306,120243,06-Mar-2020 12:02:43,ee_alterhb,2
6,6,4,6,5,1,1,1,1,0,0,0,1,1,1,0,0,0,6,6,6,4,4,4,4,4,4,4,4,4,1,1,1,5,5,5,5,5,5,5,5,5,130,130,Game1,20200306,120243,0,30620,Ratzo ,/Users/wang/WANG/Lab/Lab_Fellous/RawData_RatExploration/Exploration_Ratzo/RawData/030620 ,202,20200306,120243,06-Mar-2020 12:02:43,ee_alterhb,1
6,6,2,8,1,5,1,1,1,0,0,0,1,1,1,0,0,0,8,8,8,8,8,8,2,2,2,8,8,8,5,5,5,5,5,5,1,1,1,5,5,5,130,130,Game1,20200306,120243,0,30620,Ratzo ,/Users/wang/WANG/Lab/Lab_Fellous/RawData_RatExploration/Exploration_Ratzo/RawData/030620 ,202,20200306,120243,06-Mar-2020 12:02:43,ee_alterhb,2
6,6,4,6,1,0,1,1,1,0,0,0,1,1,1,0,0,0,4,4,4,4,4,6,6,6,6,4,4,4,1,1,1,1,1,0,0,0,0,1,1,1,130,130,Game1,20200306,120243,0,30620,Ratzo ,/Users/wang/WANG/Lab/Lab_Fellous/RawData_RatExploration/Exploration_Ratzo/RawData/030620 ,202,20200306,120243,06-Mar-2020 12:02:43,ee_alterhb,1
6,6,2,8,1,0,1,1,1,0,0,0,1,1,1,0,0,0,8,8,8,2,8,2,2,2,2,2,8,8,0,0,0,1,0,1,1,1,1,1,0,0,130,130,Game1,20200306,120243,0,30620,Ratzo ,/Users/wang/WANG/Lab/Lab_Fellous/RawData_RatExploration/Exploration_Ratzo/RawData/030620 ,202,20200306,120243,06-Mar-2020 12:02:43,ee_alterhb,2
6,6,4,6,1,5,1,1,1,0,0,0,1,1,1,0,0,0,4,4,4,4,6,6,6,6,6,6,6,6,1,1,1,1,5,5,5,5,5,5,5,5,130,130,Game1,20200306,120243,0,30620,Ratzo ,/Users/wang/WANG/Lab/Lab_Fellous/RawData_RatExploration/Exploration_Ratzo/RawData/030620 ,202,20200306,120243,06-Mar-2020 12:02:43,ee_alterhb,1
6,6,2,8,1,0,1,1,1,0,0,0,1,1,1,0,0,0,8,8,8,2,2,2,2,2,2,2,2,2,0,0,0,1,1,1,1,1,1,1,1,1,130,130,Game1,20200307,110834,0,30720,Ratzo ,/Users/wang/WANG/Lab/Lab_Fellous/RawData_RatExploration/Exploration_Ratzo/RawData/030720 ,227,20200307,110834,07-Mar-2020 11:08:34,ee_alterhb,2
6,6,4,6,5,1,1,1,1,0,0,0,1,1,1,0,0,0,6,6,6,4,6,4,4,4,4,4,4,4,1,1,1,5,1,5,5,5,5,5,5,5,130,130,Game1,20200307,110834,0,30720,Ratzo ,/Users/wang/WANG/Lab/Lab_Fellous/RawData_RatExploration/Exploration_Ratzo/RawData/030720 ,227,20200307,110834,07-Mar-2020 11:08:34,ee_alterhb,1
6,6,2,8,1,5,1,1,1,0,0,0,1,1,1,0,0,0,8,8,8,2,8,8,2,2,2,8,8,8,5,5,5,1,5,5,1,1,1,5,5,5,130,130,Game1,20200307,110834,0,30720,Ratzo ,/Users/wang/WANG/Lab/Lab_Fellous/RawData_RatExploration/Exploration_Ratzo/RawData/030720 ,227,20200307,110834,07-Mar-2020 11:08:34,ee_alterhb,2
6,6,4,6,5,1,1,1,1,0,0,0,1,1,1,0,0,0,6,6,6,4,4,4,4,4,4,4,4,4,1,1,1,5,5,5,5,5,5,5,5,5,130,130,Game1,20200307,110834,0,30720,Ratzo ,/Users/wang/WANG/Lab/Lab_Fellous/RawData_RatExploration/Exploration_Ratzo/RawData/030720 ,227,20200307,110834,07-Mar-2020 11:08:34,ee_alterhb,1
6,6,2,8,1,5,1,1,1,0,0,0,1,1,1,0,0,0,8,8,8,8,8,8,2,2,2,8,2,8,5,5,5,5,5,5,1,1,1,5,1,5,130,130,Game1,20200307,110834,0,30720,Ratzo ,/Users/wang/WANG/Lab/Lab_Fellous/RawData_RatExploration/Exploration_Ratzo/RawData/030720 ,227,20200307,110834,07-Mar-2020 11:08:34,ee_alterhb,2
6,6,4,6,1,0,1,1,1,0,0,0,1,1,1,0,0,0,4,4,4,4,4,4,6,6,6,4,4,4,1,1,1,1,1,1,0,0,0,1,1,1,130,130,Game1,20200307,110834,0,30720,Ratzo ,/Users/wang/WANG/Lab/Lab_Fellous/RawData_RatExploration/Exploration_Ratzo/RawData/030720 ,227,20200307,110834,07-Mar-2020 11:08:34,ee_alterhb,1
6,6,2,8,1,0,1,1,1,0,0,0,1,1,1,0,0,0,8,8,8,2,2,2,2,2,2,8,2,2,0,0,0,1,1,1,1,1,1,0,1,1,130,130,Game1,20200307,110834,0,30720,Ratzo ,/Users/wang/WANG/Lab/Lab_Fellous/RawData_RatExploration/Exploration_Ratzo/RawData/030720 ,227,20200307,110834,07-Mar-2020 11:08:34,ee_alterhb,2
6,6,4,6,1,5,1,1,1,0,0,0,1,1,1,0,0,0,4,4,4,4,4,4,6,6,6,4,6,6,1,1,1,1,1,1,5,5,5,1,5,5,130,130,Game1,20200307,110834,0,30720,Ratzo ,/Users/wang/WANG/Lab/Lab_Fellous/RawData_RatExploration/Exploration_Ratzo/RawData/030720 ,227,20200307,110834,07-Mar-2020 11:08:34,ee_alterhb,1
6,6,2,8,5,1,1,1,1,0,0,0,1,1,1,0,0,0,8,8,8,2,2,8,2,2,2,2,8,2,1,1,1,5,5,1,5,5,5,5,1,5,130,130,Game1,20200307,110834,0,30720,Ratzo ,/Users/wang/WANG/Lab/Lab_Fellous/RawData_RatExploration/Exploration_Ratzo/RawData/030720 ,227,20200307,110834,07-Mar-2020 11:08:34,ee_alterhb,2
6,6,2,8,1,0,1,1,1,0,0,0,1,1,1,0,0,0,8,8,8,2,2,2,2,2,2,2,2,2,0,0,0,1,1,1,1,1,1,1,1,1,130,130,Game1,20200313,132900,0,31320,Ratzo ,/Users/wang/WANG/Lab/Lab_Fellous/RawData_RatExploration/Exploration_Ratzo/RawData/031320 ,117,20200313,132900,13-Mar-2020 13:29:00,ee_alterhb,2
6,6,4,6,5,1,1,1,1,0,0,0,1,1,1,0,0,0,6,6,6,4,4,4,4,4,4,4,4,4,1,1,1,5,5,5,5,5,5,5,5,5,130,130,Game1,20200313,132900,0,31320,Ratzo ,/Users/wang/WANG/Lab/Lab_Fellous/RawData_RatExploration/Exploration_Ratzo/RawData/031320 ,117,20200313,132900,13-Mar-2020 13:29:00,ee_alterhb,1
6,6,2,8,1,5,1,1,1,0,0,0,1,1,1,0,0,0,8,8,8,8,8,8,2,2,2,2,2,2,5,5,5,5,5,5,1,1,1,1,1,1,130,130,Game1,20200313,132900,0,31320,Ratzo ,/Users/wang/WANG/Lab/Lab_Fellous/RawData_RatExploration/Exploration_Ratzo/RawData/031320 ,117,20200313,132900,13-Mar-2020 13:29:00,ee_alterhb,2
6,6,4,6,5,1,1,1,1,0,0,0,1,1,1,0,0,0,6,6,6,4,4,4,4,4,4,4,4,4,1,1,1,5,5,5,5,5,5,5,5,5,130,130,Game1,20200313,132900,0,31320,Ratzo ,/Users/wang/WANG/Lab/Lab_Fellous/RawData_RatExploration/Exploration_Ratzo/RawData/031320 ,117,20200313,132900,13-Mar-2020 13:29:00,ee_alterhb,1
6,6,2,8,1,0,1,1,1,0,0,0,1,1,1,0,0,0,8,8,8,8,2,2,2,2,2,8,2,2,0,0,0,0,1,1,1,1,1,0,1,1,130,130,Game1,20200314,183038,0,31420,Ratzo ,/Users/wang/WANG/Lab/Lab_Fellous/RawData_RatExploration/Exploration_Ratzo/RawData/031420 ,180,20200314,183038,14-Mar-2020 18:30:38,ee_alterhb,2
6,6,4,6,5,1,1,1,1,0,0,0,1,1,1,0,0,0,6,6,6,4,6,4,4,4,4,4,4,4,1,1,1,5,1,5,5,5,5,5,5,5,130,130,Game1,20200314,183038,0,31420,Ratzo ,/Users/wang/WANG/Lab/Lab_Fellous/RawData_RatExploration/Exploration_Ratzo/RawData/031420 ,180,20200314,183038,14-Mar-2020 18:30:38,ee_alterhb,1
6,6,2,8,1,5,1,1,1,0,0,0,1,1,1,0,0,0,8,8,8,2,8,8,2,2,2,8,8,8,5,5,5,1,5,5,1,1,1,5,5,5,130,130,Game1,20200314,183038,0,31420,Ratzo ,/Users/wang/WANG/Lab/Lab_Fellous/RawData_RatExploration/Exploration_Ratzo/RawData/031420 ,180,20200314,183038,14-Mar-2020 18:30:38,ee_alterhb,2
6,6,4,6,5,1,1,1,1,0,0,0,1,1,1,0,0,0,6,6,6,4,4,4,4,4,4,4,4,4,1,1,1,5,5,5,5,5,5,5,5,5,130,130,Game1,20200314,183038,0,31420,Ratzo ,/Users/wang/WANG/Lab/Lab_Fellous/RawData_RatExploration/Exploration_Ratzo/RawData/031420 ,180,20200314,183038,14-Mar-2020 18:30:38,ee_alterhb,1
6,6,2,8,1,5,1,1,1,0,0,0,1,1,1,0,0,0,8,8,8,8,8,8,2,2,2,8,8,8,5,5,5,5,5,5,1,1,1,5,5,5,130,130,Game1,20200314,183038,0,31420,Ratzo ,/Users/wang/WANG/Lab/Lab_Fellous/RawData_RatExploration/Exploration_Ratzo/RawData/031420 ,180,20200314,183038,14-Mar-2020 18:30:38,ee_alterhb,2
6,6,4,6,1,0,1,1,1,0,0,0,1,1,1,0,0,0,4,4,4,4,4,4,6,6,6,4,4,4,1,1,1,1,1,1,0,0,0,1,1,1,130,130,Game1,20200314,183038,0,31420,Ratzo ,/Users/wang/WANG/Lab/Lab_Fellous/RawData_RatExploration/Exploration_Ratzo/RawData/031420 ,180,20200314,183038,14-Mar-2020 18:30:38,ee_alterhb,1
6,6,2,8,1,0,1,1,1,0,0,0,1,1,1,0,0,0,8,8,8,2,2,2,2,2,2,2,2,8,0,0,0,1,1,1,1,1,1,1,1,0,130,130,Game1,20200314,183038,0,31420,Ratzo ,/Users/wang/WANG/Lab/Lab_Fellous/RawData_RatExploration/Exploration_Ratzo/RawData/031420 ,180,20200314,183038,14-Mar-2020 18:30:38,ee_alterhb,2
6,6,2,8,1,0,1,1,1,0,0,0,1,1,1,0,0,0,8,8,8,2,2,2,2,2,2,2,2,2,0,0,0,1,1,1,1,1,1,1,1,1,130,130,Game1,20200317,94356,0,31720,Ratzo ,/Users/wang/WANG/Lab/Lab_Fellous/RawData_RatExploration/Exploration_Ratzo/RawData/031720 ,142,20200317,94356,17-Mar-2020 09:43:56,ee_alterhb,2
6,6,4,6,5,1,1,1,1,0,0,0,1,1,1,0,0,0,6,6,6,4,6,4,4,4,4,4,4,4,1,1,1,5,1,5,5,5,5,5,5,5,130,130,Game1,20200317,94356,0,31720,Ratzo ,/Users/wang/WANG/Lab/Lab_Fellous/RawData_RatExploration/Exploration_Ratzo/RawData/031720 ,142,20200317,94356,17-Mar-2020 09:43:56,ee_alterhb,1
6,6,2,8,1,5,1,1,1,0,0,0,1,1,1,0,0,0,8,8,8,8,8,8,2,2,2,8,8,8,5,5,5,5,5,5,1,1,1,5,5,5,130,130,Game1,20200317,94356,0,31720,Ratzo ,/Users/wang/WANG/Lab/Lab_Fellous/RawData_RatExploration/Exploration_Ratzo/RawData/031720 ,142,20200317,94356,17-Mar-2020 09:43:56,ee_alterhb,2
6,6,4,6,5,1,1,1,1,0,0,0,1,1,1,0,0,0,6,6,6,4,4,4,4,4,4,4,4,4,1,1,1,5,5,5,5,5,5,5,5,5,130,130,Game1,20200317,94356,0,31720,Ratzo ,/Users/wang/WANG/Lab/Lab_Fellous/RawData_RatExploration/Exploration_Ratzo/RawData/031720 ,142,20200317,94356,17-Mar-2020 09:43:56,ee_alterhb,1
6,6,2,8,1,5,1,1,1,0,0,0,1,1,1,0,0,0,8,8,8,8,8,8,2,2,2,2,8,8,5,5,5,5,5,5,1,1,1,1,5,5,130,130,Game1,20200317,94356,0,31720,Ratzo ,/Users/wang/WANG/Lab/Lab_Fellous/RawData_RatExploration/Exploration_Ratzo/RawData/031720 ,142,20200317,94356,17-Mar-2020 09:43:56,ee_alterhb,2
6,6,2,8,1,0,1,1,1,0,0,0,1,1,1,0,0,0,8,8,8,2,2,8,2,2,2,2,2,2,0,0,0,1,1,0,1,1,1,1,1,1,130,130,Game1,20200318,125256,0,31820,Ratzo ,/Users/wang/WANG/Lab/Lab_Fellous/RawData_RatExploration/Exploration_Ratzo/RawData/031820 ,121,20200318,125256,18-Mar-2020 12:52:56,ee_alterhb,2
6,6,4,6,5,1,1,1,1,0,0,0,1,1,1,0,0,0,6,6,6,4,4,4,4,4,4,4,4,4,1,1,1,5,5,5,5,5,5,5,5,5,130,130,Game1,20200318,125256,0,31820,Ratzo ,/Users/wang/WANG/Lab/Lab_Fellous/RawData_RatExploration/Exploration_Ratzo/RawData/031820 ,121,20200318,125256,18-Mar-2020 12:52:56,ee_alterhb,1
6,6,2,8,1,5,1,1,1,0,0,0,1,1,1,0,0,0,8,8,8,8,8,8,2,2,2,8,8,8,5,5,5,5,5,5,1,1,1,5,5,5,130,130,Game1,20200318,125256,0,31820,Ratzo ,/Users/wang/WANG/Lab/Lab_Fellous/RawData_RatExploration/Exploration_Ratzo/RawData/031820 ,121,20200318,125256,18-Mar-2020 12:52:56,ee_alterhb,2
6,6,4,6,5,1,1,1,1,0,0,0,1,1,1,0,0,0,6,6,6,4,4,4,4,4,4,4,4,4,1,1,1,5,5,5,5,5,5,5,5,5,130,130,Game1,20200318,125256,0,31820,Ratzo ,/Users/wang/WANG/Lab/Lab_Fellous/RawData_RatExploration/Exploration_Ratzo/RawData/031820 ,121,20200318,125256,18-Mar-2020 12:52:56,ee_alterhb,1
6,6,2,8,1,0,1,1,1,0,0,0,1,1,1,0,0,0,8,8,8,8,2,8,2,2,2,2,2,2,0,0,0,0,1,0,1,1,1,1,1,1,90,90,Game1,20200319,101701,0,31920,Ratzo ,/Users/wang/WANG/Lab/Lab_Fellous/RawData_RatExploration/Exploration_Ratzo/RawData/031920 ,271,20200319,101701,19-Mar-2020 10:17:01,ee_alterhb,2
6,6,4,6,5,1,1,1,1,0,0,0,1,1,1,0,0,0,6,6,6,4,4,4,4,4,4,4,4,4,1,1,1,5,5,5,5,5,5,5,5,5,90,90,Game1,20200319,101701,0,31920,Ratzo ,/Users/wang/WANG/Lab/Lab_Fellous/RawData_RatExploration/Exploration_Ratzo/RawData/031920 ,271,20200319,101701,19-Mar-2020 10:17:01,ee_alterhb,1
6,6,2,8,1,5,1,1,1,0,0,0,1,1,1,0,0,0,8,8,8,8,8,8,2,2,2,8,8,8,5,5,5,5,5,5,1,1,1,5,5,5,90,90,Game1,20200319,101701,0,31920,Ratzo ,/Users/wang/WANG/Lab/Lab_Fellous/RawData_RatExploration/Exploration_Ratzo/RawData/031920 ,271,20200319,101701,19-Mar-2020 10:17:01,ee_alterhb,2
6,6,4,6,5,1,1,1,1,0,0,0,1,1,1,0,0,0,6,6,6,4,4,4,4,4,4,4,4,4,1,1,1,5,5,5,5,5,5,5,5,5,90,90,Game1,20200319,101701,0,31920,Ratzo ,/Users/wang/WANG/Lab/Lab_Fellous/RawData_RatExploration/Exploration_Ratzo/RawData/031920 ,271,20200319,101701,19-Mar-2020 10:17:01,ee_alterhb,1
6,6,2,8,1,5,1,1,1,0,0,0,1,1,1,0,0,0,8,8,8,8,8,8,2,2,2,8,8,8,5,5,5,5,5,5,1,1,1,5,5,5,90,90,Game1,20200319,101701,0,31920,Ratzo ,/Users/wang/WANG/Lab/Lab_Fellous/RawData_RatExploration/Exploration_Ratzo/RawData/031920 ,271,20200319,101701,19-Mar-2020 10:17:01,ee_alterhb,2
6,6,4,6,1,0,1,1,1,0,0,0,1,1,1,0,0,0,4,4,4,4,4,6,6,6,6,4,4,4,1,1,1,1,1,0,0,0,0,1,1,1,90,90,Game1,20200319,101701,0,31920,Ratzo ,/Users/wang/WANG/Lab/Lab_Fellous/RawData_RatExploration/Exploration_Ratzo/RawData/031920 ,271,20200319,101701,19-Mar-2020 10:17:01,ee_alterhb,1
6,6,2,8,1,0,1,1,1,0,0,0,1,1,1,0,0,0,8,8,8,2,8,2,2,2,2,8,2,2,0,0,0,1,0,1,1,1,1,0,1,1,90,90,Game1,20200319,101701,0,31920,Ratzo ,/Users/wang/WANG/Lab/Lab_Fellous/RawData_RatExploration/Exploration_Ratzo/RawData/031920 ,271,20200319,101701,19-Mar-2020 10:17:01,ee_alterhb,2
6,6,4,6,1,5,1,1,1,0,0,0,1,1,1,0,0,0,4,4,4,6,4,6,6,6,6,4,6,6,1,1,1,5,1,5,5,5,5,1,5,5,90,90,Game1,20200319,101701,0,31920,Ratzo ,/Users/wang/WANG/Lab/Lab_Fellous/RawData_RatExploration/Exploration_Ratzo/RawData/031920 ,271,20200319,101701,19-Mar-2020 10:17:01,ee_alterhb,1
6,6,2,8,5,1,1,1,1,0,0,0,1,1,1,0,0,0,8,8,8,8,2,2,2,2,2,2,2,2,1,1,1,1,5,5,5,5,5,5,5,5,90,90,Game1,20200319,101701,0,31920,Ratzo ,/Users/wang/WANG/Lab/Lab_Fellous/RawData_RatExploration/Exploration_Ratzo/RawData/031920 ,271,20200319,101701,19-Mar-2020 10:17:01,ee_alterhb,2
6,6,4,6,1,5,1,1,1,0,0,0,1,1,1,0,0,0,4,4,4,6,6,6,6,6,6,4,6,6,1,1,1,5,5,5,5,5,5,1,5,5,90,90,Game1,20200319,101701,0,31920,Ratzo ,/Users/wang/WANG/Lab/Lab_Fellous/RawData_RatExploration/Exploration_Ratzo/RawData/031920 ,271,20200319,101701,19-Mar-2020 10:17:01,ee_alterhb,1
6,6,2,8,1,0,1,1,1,0,0,0,1,1,1,0,0,0,8,8,8,2,2,2,2,2,2,8,2,2,0,0,0,1,1,1,1,1,1,0,1,1,90,90,Game1,20200321,110126,0,32120,Ratzo ,/Users/wang/WANG/Lab/Lab_Fellous/RawData_RatExploration/Exploration_Ratzo/RawData/032120 ,475,20200321,110126,21-Mar-2020 11:01:26,ee_alterhb,2
6,6,4,6,5,1,1,1,1,0,0,0,1,1,1,0,0,0,6,6,6,4,4,4,4,4,4,4,4,4,1,1,1,5,5,5,5,5,5,5,5,5,90,90,Game1,20200321,110126,0,32120,Ratzo ,/Users/wang/WANG/Lab/Lab_Fellous/RawData_RatExploration/Exploration_Ratzo/RawData/032120 ,475,20200321,110126,21-Mar-2020 11:01:26,ee_alterhb,1
6,6,2,8,1,5,1,1,1,0,0,0,1,1,1,0,0,0,8,8,8,8,2,8,2,2,2,8,8,8,5,5,5,5,1,5,1,1,1,5,5,5,90,90,Game1,20200321,110126,0,32120,Ratzo ,/Users/wang/WANG/Lab/Lab_Fellous/RawData_RatExploration/Exploration_Ratzo/RawData/032120 ,475,20200321,110126,21-Mar-2020 11:01:26,ee_alterhb,2
6,6,4,6,5,1,1,1,1,0,0,0,1,1,1,0,0,0,6,6,6,4,4,4,4,4,4,4,4,4,1,1,1,5,5,5,5,5,5,5,5,5,90,90,Game1,20200321,110126,0,32120,Ratzo ,/Users/wang/WANG/Lab/Lab_Fellous/RawData_RatExploration/Exploration_Ratzo/RawData/032120 ,475,20200321,110126,21-Mar-2020 11:01:26,ee_alterhb,1
6,6,2,8,1,5,1,1,1,0,0,0,1,1,1,0,0,0,8,8,8,8,8,8,2,2,2,8,8,8,5,5,5,5,5,5,1,1,1,5,5,5,90,90,Game1,20200321,110126,0,32120,Ratzo ,/Users/wang/WANG/Lab/Lab_Fellous/RawData_RatExploration/Exploration_Ratzo/RawData/032120 ,475,20200321,110126,21-Mar-2020 11:01:26,ee_alterhb,2
6,6,4,6,1,0,1,1,1,0,0,0,1,1,1,0,0,0,4,4,4,4,4,4,6,6,6,4,4,6,1,1,1,1,1,1,0,0,0,1,1,0,90,90,Game1,20200321,110126,0,32120,Ratzo ,/Users/wang/WANG/Lab/Lab_Fellous/RawData_RatExploration/Exploration_Ratzo/RawData/032120 ,475,20200321,110126,21-Mar-2020 11:01:26,ee_alterhb,1
6,6,2,8,1,0,1,1,1,0,0,0,1,1,1,0,0,0,8,8,8,2,8,2,2,2,2,8,2,2,0,0,0,1,0,1,1,1,1,0,1,1,90,90,Game1,20200321,110126,0,32120,Ratzo ,/Users/wang/WANG/Lab/Lab_Fellous/RawData_RatExploration/Exploration_Ratzo/RawData/032120 ,475,20200321,110126,21-Mar-2020 11:01:26,ee_alterhb,2
6,6,4,6,1,5,1,1,1,0,0,0,1,1,1,0,0,0,4,4,4,4,6,4,6,6,6,6,6,6,1,1,1,1,5,1,5,5,5,5,5,5,90,90,Game1,20200321,110126,0,32120,Ratzo ,/Users/wang/WANG/Lab/Lab_Fellous/RawData_RatExploration/Exploration_Ratzo/RawData/032120 ,475,20200321,110126,21-Mar-2020 11:01:26,ee_alterhb,1
6,6,2,8,5,1,1,1,1,0,0,0,1,1,1,0,0,0,8,8,8,2,2,2,2,2,2,2,2,2,1,1,1,5,5,5,5,5,5,5,5,5,90,90,Game1,20200321,110126,0,32120,Ratzo ,/Users/wang/WANG/Lab/Lab_Fellous/RawData_RatExploration/Exploration_Ratzo/RawData/032120 ,475,20200321,110126,21-Mar-2020 11:01:26,ee_alterhb,2
6,6,4,6,1,5,1,1,1,0,0,0,1,1,1,0,0,0,4,4,4,6,6,6,6,6,6,6,6,6,1,1,1,5,5,5,5,5,5,5,5,5,90,90,Game1,20200321,110126,0,32120,Ratzo ,/Users/wang/WANG/Lab/Lab_Fellous/RawData_RatExploration/Exploration_Ratzo/RawData/032120 ,475,20200321,110126,21-Mar-2020 11:01:26,ee_alterhb,1
6,6,2,8,1,0,1,1,1,0,0,0,1,1,1,0,0,0,8,8,8,2,2,2,2,2,2,2,2,2,0,0,0,1,1,1,1,1,1,1,1,1,90,90,Game1,20200321,110126,0,32120,Ratzo ,/Users/wang/WANG/Lab/Lab_Fellous/RawData_RatExploration/Exploration_Ratzo/RawData/032120 ,475,20200321,110126,21-Mar-2020 11:01:26,ee_alterhb,2
6,6,4,6,1,0,1,1,1,0,0,0,1,1,1,0,0,0,4,4,4,6,6,4,6,6,6,4,6,4,1,1,1,0,0,1,0,0,0,1,0,1,90,90,Game1,20200321,110126,0,32120,Ratzo ,/Users/wang/WANG/Lab/Lab_Fellous/RawData_RatExploration/Exploration_Ratzo/RawData/032120 ,475,20200321,110126,21-Mar-2020 11:01:26,ee_alterhb,1
6,6,2,8,1,5,1,1,1,0,0,0,1,1,1,0,0,0,8,8,8,8,8,8,2,2,2,8,2,8,5,5,5,5,5,5,1,1,1,5,1,5,90,90,Game1,20200321,110126,0,32120,Ratzo ,/Users/wang/WANG/Lab/Lab_Fellous/RawData_RatExploration/Exploration_Ratzo/RawData/032120 ,475,20200321,110126,21-Mar-2020 11:01:26,ee_alterhb,2
6,6,4,6,1,0,1,1,1,0,0,0,1,1,1,0,0,0,6,6,6,4,4,4,4,4,4,6,6,4,0,0,0,1,1,1,1,1,1,0,0,1,90,90,Game1,20200321,110126,0,32120,Ratzo ,/Users/wang/WANG/Lab/Lab_Fellous/RawData_RatExploration/Exploration_Ratzo/RawData/032120 ,475,20200321,110126,21-Mar-2020 11:01:26,ee_alterhb,1
6,6,2,8,1,0,1,1,1,0,0,0,1,1,1,0,0,0,2,2,2,2,2,2,8,8,8,2,2,2,1,1,1,1,1,1,0,0,0,1,1,1,90,90,Game1,20200321,110126,0,32120,Ratzo ,/Users/wang/WANG/Lab/Lab_Fellous/RawData_RatExploration/Exploration_Ratzo/RawData/032120 ,475,20200321,110126,21-Mar-2020 11:01:26,ee_alterhb,2
6,6,4,6,1,5,1,1,1,0,0,0,1,1,1,0,0,0,4,4,4,4,6,6,6,6,6,6,6,6,1,1,1,1,5,5,5,5,5,5,5,5,90,90,Game1,20200321,110126,0,32120,Ratzo ,/Users/wang/WANG/Lab/Lab_Fellous/RawData_RatExploration/Exploration_Ratzo/RawData/032120 ,475,20200321,110126,21-Mar-2020 11:01:26,ee_alterhb,1
6,6,2,8,0,1,1,1,1,0,0,0,1,1,1,0,0,0,2,2,2,8,8,8,8,8,8,8,2,8,0,0,0,1,1,1,1,1,1,1,0,1,90,90,Game1,20200321,110126,0,32120,Ratzo ,/Users/wang/WANG/Lab/Lab_Fellous/RawData_RatExploration/Exploration_Ratzo/RawData/032120 ,475,20200321,110126,21-Mar-2020 11:01:26,ee_alterhb,2
6,6,4,6,1,5,1,1,1,0,0,0,1,1,1,0,0,0,6,6,6,6,6,6,4,4,4,6,6,6,5,5,5,5,5,5,1,1,1,5,5,5,90,90,Game1,20200321,110126,0,32120,Ratzo ,/Users/wang/WANG/Lab/Lab_Fellous/RawData_RatExploration/Exploration_Ratzo/RawData/032120 ,475,20200321,110126,21-Mar-2020 11:01:26,ee_alterhb,1
6,6,2,8,1,0,1,1,1,0,0,0,1,1,1,0,0,0,8,8,8,2,2,2,2,2,2,2,2,2,0,0,0,1,1,1,1,1,1,1,1,1,130,130,Game1,20200304,144524,0,30420,Rizzo ,/Users/wang/WANG/Lab/Lab_Fellous/RawData_RatExploration/Exploration_Rizzo/RawData/030420 ,296,20200304,144524,04-Mar-2020 14:45:24,ee_alterhb,2
6,6,4,6,5,1,1,1,1,0,0,0,1,1,1,0,0,0,6,6,6,4,6,6,4,4,4,4,4,4,1,1,1,5,1,1,5,5,5,5,5,5,130,130,Game1,20200304,144524,0,30420,Rizzo ,/Users/wang/WANG/Lab/Lab_Fellous/RawData_RatExploration/Exploration_Rizzo/RawData/030420 ,296,20200304,144524,04-Mar-2020 14:45:24,ee_alterhb,1
6,6,2,8,1,5,1,1,1,0,0,0,1,1,1,0,0,0,8,8,8,8,8,8,2,2,2,8,8,8,5,5,5,5,5,5,1,1,1,5,5,5,130,130,Game1,20200304,144524,0,30420,Rizzo ,/Users/wang/WANG/Lab/Lab_Fellous/RawData_RatExploration/Exploration_Rizzo/RawData/030420 ,296,20200304,144524,04-Mar-2020 14:45:24,ee_alterhb,2
6,6,4,6,5,1,1,1,1,0,0,0,1,1,1,0,0,0,6,6,6,6,4,4,4,4,4,4,4,4,1,1,1,1,5,5,5,5,5,5,5,5,130,130,Game1,20200304,144524,0,30420,Rizzo ,/Users/wang/WANG/Lab/Lab_Fellous/RawData_RatExploration/Exploration_Rizzo/RawData/030420 ,296,20200304,144524,04-Mar-2020 14:45:24,ee_alterhb,1
6,6,2,8,1,5,1,1,1,0,0,0,1,1,1,0,0,0,8,8,8,8,8,8,2,2,2,2,8,8,5,5,5,5,5,5,1,1,1,1,5,5,130,130,Game1,20200304,144524,0,30420,Rizzo ,/Users/wang/WANG/Lab/Lab_Fellous/RawData_RatExploration/Exploration_Rizzo/RawData/030420 ,296,20200304,144524,04-Mar-2020 14:45:24,ee_alterhb,2
6,6,4,6,1,0,1,1,1,0,0,0,1,1,1,0,0,0,4,4,4,4,4,4,6,6,6,4,4,6,1,1,1,1,1,1,0,0,0,1,1,0,130,130,Game1,20200304,144524,0,30420,Rizzo ,/Users/wang/WANG/Lab/Lab_Fellous/RawData_RatExploration/Exploration_Rizzo/RawData/030420 ,296,20200304,144524,04-Mar-2020 14:45:24,ee_alterhb,1
6,6,2,8,1,0,1,1,1,0,0,0,1,1,1,0,0,0,8,8,8,8,8,2,2,2,2,8,8,8,0,0,0,0,0,1,1,1,1,0,0,0,130,130,Game1,20200304,144524,0,30420,Rizzo ,/Users/wang/WANG/Lab/Lab_Fellous/RawData_RatExploration/Exploration_Rizzo/RawData/030420 ,296,20200304,144524,04-Mar-2020 14:45:24,ee_alterhb,2
6,6,4,6,1,5,1,1,1,0,0,0,1,1,1,0,0,0,4,4,4,4,6,6,6,6,6,6,6,4,1,1,1,1,5,5,5,5,5,5,5,1,130,130,Game1,20200304,144524,0,30420,Rizzo ,/Users/wang/WANG/Lab/Lab_Fellous/RawData_RatExploration/Exploration_Rizzo/RawData/030420 ,296,20200304,144524,04-Mar-2020 14:45:24,ee_alterhb,1
6,6,2,8,5,1,1,1,1,0,0,0,1,1,1,0,0,0,8,8,8,2,8,2,2,2,2,2,2,2,1,1,1,5,1,5,5,5,5,5,5,5,130,130,Game1,20200304,144524,0,30420,Rizzo ,/Users/wang/WANG/Lab/Lab_Fellous/RawData_RatExploration/Exploration_Rizzo/RawData/030420 ,296,20200304,144524,04-Mar-2020 14:45:24,ee_alterhb,2
6,6,4,6,1,5,1,1,1,0,0,0,1,1,1,0,0,0,4,4,4,6,6,6,6,6,6,6,6,6,1,1,1,5,5,5,5,5,5,5,5,5,130,130,Game1,20200304,144524,0,30420,Rizzo ,/Users/wang/WANG/Lab/Lab_Fellous/RawData_RatExploration/Exploration_Rizzo/RawData/030420 ,296,20200304,144524,04-Mar-2020 14:45:24,ee_alterhb,1
6,6,2,8,1,0,1,1,1,0,0,0,1,1,1,0,0,0,8,8,8,2,2,2,2,2,2,2,2,2,0,0,0,1,1,1,1,1,1,1,1,1,130,130,Game1,20200304,144524,0,30420,Rizzo ,/Users/wang/WANG/Lab/Lab_Fellous/RawData_RatExploration/Exploration_Rizzo/RawData/030420 ,296,20200304,144524,04-Mar-2020 14:45:24,ee_alterhb,2
6,6,2,8,1,0,1,1,1,0,0,0,1,1,1,0,0,0,8,8,8,2,2,2,2,2,2,2,2,2,0,0,0,1,1,1,1,1,1,1,1,1,130,130,Game1,20200305,105303,0,30520,Rizzo ,/Users/wang/WANG/Lab/Lab_Fellous/RawData_RatExploration/Exploration_Rizzo/RawData/030520 ,252,20200305,105303,05-Mar-2020 10:53:03,ee_alterhb,2
6,6,4,6,5,1,1,1,1,0,0,0,1,1,1,0,0,0,6,6,6,6,6,6,4,4,4,4,4,4,1,1,1,1,1,1,5,5,5,5,5,5,130,130,Game1,20200305,105303,0,30520,Rizzo ,/Users/wang/WANG/Lab/Lab_Fellous/RawData_RatExploration/Exploration_Rizzo/RawData/030520 ,252,20200305,105303,05-Mar-2020 10:53:03,ee_alterhb,1
6,6,2,8,1,5,1,1,1,0,0,0,1,1,1,0,0,0,8,8,8,8,8,8,2,2,2,8,8,8,5,5,5,5,5,5,1,1,1,5,5,5,130,130,Game1,20200305,105303,0,30520,Rizzo ,/Users/wang/WANG/Lab/Lab_Fellous/RawData_RatExploration/Exploration_Rizzo/RawData/030520 ,252,20200305,105303,05-Mar-2020 10:53:03,ee_alterhb,2
6,6,4,6,5,1,1,1,1,0,0,0,1,1,1,0,0,0,6,6,6,4,4,4,4,4,4,4,4,4,1,1,1,5,5,5,5,5,5,5,5,5,130,130,Game1,20200305,105303,0,30520,Rizzo ,/Users/wang/WANG/Lab/Lab_Fellous/RawData_RatExploration/Exploration_Rizzo/RawData/030520 ,252,20200305,105303,05-Mar-2020 10:53:03,ee_alterhb,1
6,6,2,8,1,5,1,1,1,0,0,0,1,1,1,0,0,0,8,8,8,2,8,8,2,2,2,8,8,8,5,5,5,1,5,5,1,1,1,5,5,5,130,130,Game1,20200305,105303,0,30520,Rizzo ,/Users/wang/WANG/Lab/Lab_Fellous/RawData_RatExploration/Exploration_Rizzo/RawData/030520 ,252,20200305,105303,05-Mar-2020 10:53:03,ee_alterhb,2
6,6,4,6,1,0,1,1,1,0,0,0,1,1,1,0,0,0,4,4,4,4,4,4,6,6,6,4,4,4,1,1,1,1,1,1,0,0,0,1,1,1,130,130,Game1,20200305,105303,0,30520,Rizzo ,/Users/wang/WANG/Lab/Lab_Fellous/RawData_RatExploration/Exploration_Rizzo/RawData/030520 ,252,20200305,105303,05-Mar-2020 10:53:03,ee_alterhb,1
6,6,2,8,1,0,1,1,1,0,0,0,1,1,1,0,0,0,8,8,8,2,2,8,2,2,2,2,8,8,0,0,0,1,1,0,1,1,1,1,0,0,130,130,Game1,20200305,105303,0,30520,Rizzo ,/Users/wang/WANG/Lab/Lab_Fellous/RawData_RatExploration/Exploration_Rizzo/RawData/030520 ,252,20200305,105303,05-Mar-2020 10:53:03,ee_alterhb,2
6,6,4,6,1,5,1,1,1,0,0,0,1,1,1,0,0,0,4,4,4,4,4,4,6,6,6,6,4,4,1,1,1,1,1,1,5,5,5,5,1,1,130,130,Game1,20200305,105303,0,30520,Rizzo ,/Users/wang/WANG/Lab/Lab_Fellous/RawData_RatExploration/Exploration_Rizzo/RawData/030520 ,252,20200305,105303,05-Mar-2020 10:53:03,ee_alterhb,1
6,6,2,8,5,1,1,1,1,0,0,0,1,1,1,0,0,0,8,8,8,8,8,8,2,2,2,8,8,8,1,1,1,1,1,1,5,5,5,1,1,1,130,130,Game1,20200305,105303,0,30520,Rizzo ,/Users/wang/WANG/Lab/Lab_Fellous/RawData_RatExploration/Exploration_Rizzo/RawData/030520 ,252,20200305,105303,05-Mar-2020 10:53:03,ee_alterhb,2
6,6,4,6,1,5,1,1,1,0,0,0,1,1,1,0,0,0,4,4,4,6,4,6,6,6,6,6,6,6,1,1,1,5,1,5,5,5,5,5,5,5,130,130,Game1,20200305,105303,0,30520,Rizzo ,/Users/wang/WANG/Lab/Lab_Fellous/RawData_RatExploration/Exploration_Rizzo/RawData/030520 ,252,20200305,105303,05-Mar-2020 10:53:03,ee_alterhb,1
6,6,2,8,1,0,1,1,1,0,0,0,1,1,1,0,0,0,8,8,8,2,2,2,2,2,2,2,8,2,0,0,0,1,1,1,1,1,1,1,0,1,130,130,Game1,20200306,104820,0,30620,Rizzo ,/Users/wang/WANG/Lab/Lab_Fellous/RawData_RatExploration/Exploration_Rizzo/RawData/030620 ,208,20200306,104820,06-Mar-2020 10:48:20,ee_alterhb,2
6,6,4,6,5,1,1,1,1,0,0,0,1,1,1,0,0,0,6,6,6,6,6,6,4,4,4,4,4,4,1,1,1,1,1,1,5,5,5,5,5,5,130,130,Game1,20200306,104820,0,30620,Rizzo ,/Users/wang/WANG/Lab/Lab_Fellous/RawData_RatExploration/Exploration_Rizzo/RawData/030620 ,208,20200306,104820,06-Mar-2020 10:48:20,ee_alterhb,1
6,6,2,8,1,5,1,1,1,0,0,0,1,1,1,0,0,0,8,8,8,8,8,8,2,2,2,8,8,8,5,5,5,5,5,5,1,1,1,5,5,5,130,130,Game1,20200306,104820,0,30620,Rizzo ,/Users/wang/WANG/Lab/Lab_Fellous/RawData_RatExploration/Exploration_Rizzo/RawData/030620 ,208,20200306,104820,06-Mar-2020 10:48:20,ee_alterhb,2
6,6,4,6,5,1,1,1,1,0,0,0,1,1,1,0,0,0,6,6,6,4,4,4,4,4,4,4,4,4,1,1,1,5,5,5,5,5,5,5,5,5,130,130,Game1,20200306,104820,0,30620,Rizzo ,/Users/wang/WANG/Lab/Lab_Fellous/RawData_RatExploration/Exploration_Rizzo/RawData/030620 ,208,20200306,104820,06-Mar-2020 10:48:20,ee_alterhb,1
6,6,2,8,1,5,1,1,1,0,0,0,1,1,1,0,0,0,8,8,8,8,8,8,2,2,2,8,8,8,5,5,5,5,5,5,1,1,1,5,5,5,130,130,Game1,20200306,104820,0,30620,Rizzo ,/Users/wang/WANG/Lab/Lab_Fellous/RawData_RatExploration/Exploration_Rizzo/RawData/030620 ,208,20200306,104820,06-Mar-2020 10:48:20,ee_alterhb,2
6,6,4,6,1,0,1,1,1,0,0,0,1,1,1,0,0,0,4,4,4,4,4,4,6,6,6,4,6,4,1,1,1,1,1,1,0,0,0,1,0,1,130,130,Game1,20200306,104820,0,30620,Rizzo ,/Users/wang/WANG/Lab/Lab_Fellous/RawData_RatExploration/Exploration_Rizzo/RawData/030620 ,208,20200306,104820,06-Mar-2020 10:48:20,ee_alterhb,1
6,6,2,8,1,0,1,1,1,0,0,0,1,1,1,0,0,0,8,8,8,2,2,2,2,2,2,8,2,2,0,0,0,1,1,1,1,1,1,0,1,1,130,130,Game1,20200306,104820,0,30620,Rizzo ,/Users/wang/WANG/Lab/Lab_Fellous/RawData_RatExploration/Exploration_Rizzo/RawData/030620 ,208,20200306,104820,06-Mar-2020 10:48:20,ee_alterhb,2
6,6,4,6,1,5,1,1,1,0,0,0,1,1,1,0,0,0,4,4,4,6,6,6,6,6,6,6,6,6,1,1,1,5,5,5,5,5,5,5,5,5,130,130,Game1,20200306,104820,0,30620,Rizzo ,/Users/wang/WANG/Lab/Lab_Fellous/RawData_RatExploration/Exploration_Rizzo/RawData/030620 ,208,20200306,104820,06-Mar-2020 10:48:20,ee_alterhb,1
6,6,2,8,1,0,1,1,1,0,0,0,1,1,1,0,0,0,8,8,8,2,8,2,2,2,2,8,2,2,0,0,0,1,0,1,1,1,1,0,1,1,130,130,Game1,20200307,122140,0,30720,Rizzo ,/Users/wang/WANG/Lab/Lab_Fellous/RawData_RatExploration/Exploration_Rizzo/RawData/030720 ,256,20200307,122140,07-Mar-2020 12:21:40,ee_alterhb,2
6,6,4,6,5,1,1,1,1,0,0,0,1,1,1,0,0,0,6,6,6,4,4,4,4,4,4,4,4,4,1,1,1,5,5,5,5,5,5,5,5,5,130,130,Game1,20200307,122140,0,30720,Rizzo ,/Users/wang/WANG/Lab/Lab_Fellous/RawData_RatExploration/Exploration_Rizzo/RawData/030720 ,256,20200307,122140,07-Mar-2020 12:21:40,ee_alterhb,1
6,6,2,8,1,5,1,1,1,0,0,0,1,1,1,0,0,0,8,8,8,8,8,8,2,2,2,8,8,8,5,5,5,5,5,5,1,1,1,5,5,5,130,130,Game1,20200307,122140,0,30720,Rizzo ,/Users/wang/WANG/Lab/Lab_Fellous/RawData_RatExploration/Exploration_Rizzo/RawData/030720 ,256,20200307,122140,07-Mar-2020 12:21:40,ee_alterhb,2
6,6,4,6,5,1,1,1,1,0,0,0,1,1,1,0,0,0,6,6,6,4,4,4,4,4,4,4,4,4,1,1,1,5,5,5,5,5,5,5,5,5,130,130,Game1,20200307,122140,0,30720,Rizzo ,/Users/wang/WANG/Lab/Lab_Fellous/RawData_RatExploration/Exploration_Rizzo/RawData/030720 ,256,20200307,122140,07-Mar-2020 12:21:40,ee_alterhb,1
6,6,2,8,1,5,1,1,1,0,0,0,1,1,1,0,0,0,8,8,8,2,2,8,2,2,2,8,8,8,5,5,5,1,1,5,1,1,1,5,5,5,130,130,Game1,20200307,122140,0,30720,Rizzo ,/Users/wang/WANG/Lab/Lab_Fellous/RawData_RatExploration/Exploration_Rizzo/RawData/030720 ,256,20200307,122140,07-Mar-2020 12:21:40,ee_alterhb,2
6,6,4,6,1,0,1,1,1,0,0,0,1,1,1,0,0,0,4,4,4,6,6,4,6,6,6,4,4,4,1,1,1,0,0,1,0,0,0,1,1,1,130,130,Game1,20200307,122140,0,30720,Rizzo ,/Users/wang/WANG/Lab/Lab_Fellous/RawData_RatExploration/Exploration_Rizzo/RawData/030720 ,256,20200307,122140,07-Mar-2020 12:21:40,ee_alterhb,1
6,6,2,8,1,0,1,1,1,0,0,0,1,1,1,0,0,0,8,8,8,8,2,8,2,2,2,2,2,8,0,0,0,0,1,0,1,1,1,1,1,0,130,130,Game1,20200307,122140,0,30720,Rizzo ,/Users/wang/WANG/Lab/Lab_Fellous/RawData_RatExploration/Exploration_Rizzo/RawData/030720 ,256,20200307,122140,07-Mar-2020 12:21:40,ee_alterhb,2
6,6,4,6,1,5,1,1,1,0,0,0,1,1,1,0,0,0,4,4,4,6,6,6,6,6,6,6,6,4,1,1,1,5,5,5,5,5,5,5,5,1,130,130,Game1,20200307,122140,0,30720,Rizzo ,/Users/wang/WANG/Lab/Lab_Fellous/RawData_RatExploration/Exploration_Rizzo/RawData/030720 ,256,20200307,122140,07-Mar-2020 12:21:40,ee_alterhb,1
6,6,2,8,5,1,1,1,1,0,0,0,1,1,1,0,0,0,8,8,8,8,2,2,2,2,2,2,2,2,1,1,1,1,5,5,5,5,5,5,5,5,130,130,Game1,20200307,122140,0,30720,Rizzo ,/Users/wang/WANG/Lab/Lab_Fellous/RawData_RatExploration/Exploration_Rizzo/RawData/030720 ,256,20200307,122140,07-Mar-2020 12:21:40,ee_alterhb,2
6,6,4,6,1,5,1,1,1,0,0,0,1,1,1,0,0,0,4,4,4,6,6,6,6,6,6,6,6,6,1,1,1,5,5,5,5,5,5,5,5,5,130,130,Game1,20200307,122140,0,30720,Rizzo ,/Users/wang/WANG/Lab/Lab_Fellous/RawData_RatExploration/Exploration_Rizzo/RawData/030720 ,256,20200307,122140,07-Mar-2020 12:21:40,ee_alterhb,1
6,6,2,8,1,0,1,1,1,0,0,0,1,1,1,0,0,0,8,8,8,2,2,2,2,2,2,2,2,2,0,0,0,1,1,1,1,1,1,1,1,1,130,130,Game1,20200313,121810,0,31320,Rizzo ,/Users/wang/WANG/Lab/Lab_Fellous/RawData_RatExploration/Exploration_Rizzo/RawData/031320 ,140,20200313,121810,13-Mar-2020 12:18:10,ee_alterhb,2
6,6,4,6,5,1,1,1,1,0,0,0,1,1,1,0,0,0,6,6,6,4,4,4,4,4,4,4,4,4,1,1,1,5,5,5,5,5,5,5,5,5,130,130,Game1,20200313,121810,0,31320,Rizzo ,/Users/wang/WANG/Lab/Lab_Fellous/RawData_RatExploration/Exploration_Rizzo/RawData/031320 ,140,20200313,121810,13-Mar-2020 12:18:10,ee_alterhb,1
6,6,2,8,1,5,1,1,1,0,0,0,1,1,1,0,0,0,8,8,8,8,8,8,2,2,2,8,8,8,5,5,5,5,5,5,1,1,1,5,5,5,130,130,Game1,20200313,121810,0,31320,Rizzo ,/Users/wang/WANG/Lab/Lab_Fellous/RawData_RatExploration/Exploration_Rizzo/RawData/031320 ,140,20200313,121810,13-Mar-2020 12:18:10,ee_alterhb,2
6,6,4,6,5,1,1,1,1,0,0,0,1,1,1,0,0,0,6,6,6,4,4,4,4,4,4,4,4,4,1,1,1,5,5,5,5,5,5,5,5,5,130,130,Game1,20200313,121810,0,31320,Rizzo ,/Users/wang/WANG/Lab/Lab_Fellous/RawData_RatExploration/Exploration_Rizzo/RawData/031320 ,140,20200313,121810,13-Mar-2020 12:18:10,ee_alterhb,1
6,6,2,8,1,5,1,1,1,0,0,0,1,1,1,0,0,0,8,8,8,8,8,8,2,2,2,8,8,8,5,5,5,5,5,5,1,1,1,5,5,5,130,130,Game1,20200313,121810,0,31320,Rizzo ,/Users/wang/WANG/Lab/Lab_Fellous/RawData_RatExploration/Exploration_Rizzo/RawData/031320 ,140,20200313,121810,13-Mar-2020 12:18:10,ee_alterhb,2
6,6,2,8,1,0,1,1,1,0,0,0,1,1,1,0,0,0,8,8,8,2,2,2,2,2,2,8,8,8,0,0,0,1,1,1,1,1,1,0,0,0,130,130,Game1,20200314,173524,0,31420,Rizzo ,/Users/wang/WANG/Lab/Lab_Fellous/RawData_RatExploration/Exploration_Rizzo/RawData/031420 ,232,20200314,173524,14-Mar-2020 17:35:24,ee_alterhb,2
6,6,4,6,5,1,1,1,1,0,0,0,1,1,1,0,0,0,6,6,6,4,4,4,4,4,4,4,4,4,1,1,1,5,5,5,5,5,5,5,5,5,130,130,Game1,20200314,173524,0,31420,Rizzo ,/Users/wang/WANG/Lab/Lab_Fellous/RawData_RatExploration/Exploration_Rizzo/RawData/031420 ,232,20200314,173524,14-Mar-2020 17:35:24,ee_alterhb,1
6,6,2,8,1,5,1,1,1,0,0,0,1,1,1,0,0,0,8,8,8,8,8,8,2,2,2,8,8,8,5,5,5,5,5,5,1,1,1,5,5,5,130,130,Game1,20200314,173524,0,31420,Rizzo ,/Users/wang/WANG/Lab/Lab_Fellous/RawData_RatExploration/Exploration_Rizzo/RawData/031420 ,232,20200314,173524,14-Mar-2020 17:35:24,ee_alterhb,2
6,6,4,6,5,1,1,1,1,0,0,0,1,1,1,0,0,0,6,6,6,4,4,4,4,4,4,4,4,4,1,1,1,5,5,5,5,5,5,5,5,5,130,130,Game1,20200314,173524,0,31420,Rizzo ,/Users/wang/WANG/Lab/Lab_Fellous/RawData_RatExploration/Exploration_Rizzo/RawData/031420 ,232,20200314,173524,14-Mar-2020 17:35:24,ee_alterhb,1
6,6,2,8,1,5,1,1,1,0,0,0,1,1,1,0,0,0,8,8,8,8,8,8,2,2,2,8,8,8,5,5,5,5,5,5,1,1,1,5,5,5,130,130,Game1,20200314,173524,0,31420,Rizzo ,/Users/wang/WANG/Lab/Lab_Fellous/RawData_RatExploration/Exploration_Rizzo/RawData/031420 ,232,20200314,173524,14-Mar-2020 17:35:24,ee_alterhb,2
6,6,4,6,1,0,1,1,1,0,0,0,1,1,1,0,0,0,4,4,4,4,4,4,6,6,6,4,4,4,1,1,1,1,1,1,0,0,0,1,1,1,130,130,Game1,20200314,173524,0,31420,Rizzo ,/Users/wang/WANG/Lab/Lab_Fellous/RawData_RatExploration/Exploration_Rizzo/RawData/031420 ,232,20200314,173524,14-Mar-2020 17:35:24,ee_alterhb,1
6,6,2,8,1,0,1,1,1,0,0,0,1,1,1,0,0,0,8,8,8,2,8,2,2,2,2,2,2,2,0,0,0,1,0,1,1,1,1,1,1,1,130,130,Game1,20200314,173524,0,31420,Rizzo ,/Users/wang/WANG/Lab/Lab_Fellous/RawData_RatExploration/Exploration_Rizzo/RawData/031420 ,232,20200314,173524,14-Mar-2020 17:35:24,ee_alterhb,2
6,6,4,6,1,5,1,1,1,0,0,0,1,1,1,0,0,0,4,4,4,6,6,6,6,6,6,6,6,6,1,1,1,5,5,5,5,5,5,5,5,5,130,130,Game1,20200314,173524,0,31420,Rizzo ,/Users/wang/WANG/Lab/Lab_Fellous/RawData_RatExploration/Exploration_Rizzo/RawData/031420 ,232,20200314,173524,14-Mar-2020 17:35:24,ee_alterhb,1
6,6,2,8,5,1,1,1,1,0,0,0,1,1,1,0,0,0,8,8,8,2,2,2,2,2,2,2,2,2,1,1,1,5,5,5,5,5,5,5,5,5,130,130,Game1,20200314,173524,0,31420,Rizzo ,/Users/wang/WANG/Lab/Lab_Fellous/RawData_RatExploration/Exploration_Rizzo/RawData/031420 ,232,20200314,173524,14-Mar-2020 17:35:24,ee_alterhb,2
6,6,2,8,1,0,1,1,1,0,0,0,1,1,1,0,0,0,8,8,8,2,2,2,2,2,2,8,2,2,0,0,0,1,1,1,1,1,1,0,1,1,130,130,Game1,20200317,110421,0,31720,Rizzo ,/Users/wang/WANG/Lab/Lab_Fellous/RawData_RatExploration/Exploration_Rizzo/RawData/031720 ,204,20200317,110421,17-Mar-2020 11:04:21,ee_alterhb,2
6,6,4,6,5,1,1,1,1,0,0,0,1,1,1,0,0,0,6,6,6,4,4,4,4,4,4,4,4,4,1,1,1,5,5,5,5,5,5,5,5,5,130,130,Game1,20200317,110421,0,31720,Rizzo ,/Users/wang/WANG/Lab/Lab_Fellous/RawData_RatExploration/Exploration_Rizzo/RawData/031720 ,204,20200317,110421,17-Mar-2020 11:04:21,ee_alterhb,1
6,6,2,8,1,5,1,1,1,0,0,0,1,1,1,0,0,0,8,8,8,8,8,8,2,2,2,8,8,8,5,5,5,5,5,5,1,1,1,5,5,5,130,130,Game1,20200317,110421,0,31720,Rizzo ,/Users/wang/WANG/Lab/Lab_Fellous/RawData_RatExploration/Exploration_Rizzo/RawData/031720 ,204,20200317,110421,17-Mar-2020 11:04:21,ee_alterhb,2
6,6,4,6,5,1,1,1,1,0,0,0,1,1,1,0,0,0,6,6,6,4,4,4,4,4,4,4,6,4,1,1,1,5,5,5,5,5,5,5,1,5,130,130,Game1,20200317,110421,0,31720,Rizzo ,/Users/wang/WANG/Lab/Lab_Fellous/RawData_RatExploration/Exploration_Rizzo/RawData/031720 ,204,20200317,110421,17-Mar-2020 11:04:21,ee_alterhb,1
6,6,2,8,1,5,1,1,1,0,0,0,1,1,1,0,0,0,8,8,8,8,8,8,2,2,2,8,8,8,5,5,5,5,5,5,1,1,1,5,5,5,130,130,Game1,20200317,110421,0,31720,Rizzo ,/Users/wang/WANG/Lab/Lab_Fellous/RawData_RatExploration/Exploration_Rizzo/RawData/031720 ,204,20200317,110421,17-Mar-2020 11:04:21,ee_alterhb,2
6,6,4,6,1,0,1,1,1,0,0,0,1,1,1,0,0,0,4,4,4,6,4,4,6,6,6,4,4,4,1,1,1,0,1,1,0,0,0,1,1,1,130,130,Game1,20200317,110421,0,31720,Rizzo ,/Users/wang/WANG/Lab/Lab_Fellous/RawData_RatExploration/Exploration_Rizzo/RawData/031720 ,204,20200317,110421,17-Mar-2020 11:04:21,ee_alterhb,1
6,6,2,8,1,0,1,1,1,0,0,0,1,1,1,0,0,0,8,8,8,2,2,2,2,2,2,8,2,8,0,0,0,1,1,1,1,1,1,0,1,0,130,130,Game1,20200317,110421,0,31720,Rizzo ,/Users/wang/WANG/Lab/Lab_Fellous/RawData_RatExploration/Exploration_Rizzo/RawData/031720 ,204,20200317,110421,17-Mar-2020 11:04:21,ee_alterhb,2
6,6,4,6,1,5,1,1,1,0,0,0,1,1,1,0,0,0,4,4,4,4,6,6,6,6,6,6,6,6,1,1,1,1,5,5,5,5,5,5,5,5,130,130,Game1,20200317,110421,0,31720,Rizzo ,/Users/wang/WANG/Lab/Lab_Fellous/RawData_RatExploration/Exploration_Rizzo/RawData/031720 ,204,20200317,110421,17-Mar-2020 11:04:21,ee_alterhb,1
6,6,2,8,1,0,1,1,1,0,0,0,1,1,1,0,0,0,8,8,8,2,2,2,2,2,2,2,2,8,0,0,0,1,1,1,1,1,1,1,1,0,130,130,Game1,20200318,141447,0,31820,Rizzo ,/Users/wang/WANG/Lab/Lab_Fellous/RawData_RatExploration/Exploration_Rizzo/RawData/031820 ,138,20200318,141447,18-Mar-2020 14:14:47,ee_alterhb,2
6,6,4,6,5,1,1,1,1,0,0,0,1,1,1,0,0,0,6,6,6,6,4,4,4,4,4,4,4,4,1,1,1,1,5,5,5,5,5,5,5,5,130,130,Game1,20200318,141447,0,31820,Rizzo ,/Users/wang/WANG/Lab/Lab_Fellous/RawData_RatExploration/Exploration_Rizzo/RawData/031820 ,138,20200318,141447,18-Mar-2020 14:14:47,ee_alterhb,1
6,6,2,8,1,5,1,1,1,0,0,0,1,1,1,0,0,0,8,8,8,8,8,8,2,2,2,8,8,8,5,5,5,5,5,5,1,1,1,5,5,5,130,130,Game1,20200318,141447,0,31820,Rizzo ,/Users/wang/WANG/Lab/Lab_Fellous/RawData_RatExploration/Exploration_Rizzo/RawData/031820 ,138,20200318,141447,18-Mar-2020 14:14:47,ee_alterhb,2
6,6,4,6,5,1,1,1,1,0,0,0,1,1,1,0,0,0,6,6,6,4,4,4,4,4,4,4,4,4,1,1,1,5,5,5,5,5,5,5,5,5,130,130,Game1,20200318,141447,0,31820,Rizzo ,/Users/wang/WANG/Lab/Lab_Fellous/RawData_RatExploration/Exploration_Rizzo/RawData/031820 ,138,20200318,141447,18-Mar-2020 14:14:47,ee_alterhb,1
6,6,2,8,1,5,1,1,1,0,0,0,1,1,1,0,0,0,8,8,8,8,8,2,2,2,2,2,8,8,5,5,5,5,5,1,1,1,1,1,5,5,130,130,Game1,20200318,141447,0,31820,Rizzo ,/Users/wang/WANG/Lab/Lab_Fellous/RawData_RatExploration/Exploration_Rizzo/RawData/031820 ,138,20200318,141447,18-Mar-2020 14:14:47,ee_alterhb,2
6,6,2,8,1,0,1,1,1,0,0,0,1,1,1,0,0,0,8,8,8,2,2,2,2,2,2,8,2,8,0,0,0,1,1,1,1,1,1,0,1,0,90,90,Game1,20200319,115221,0,31920,Rizzo ,/Users/wang/WANG/Lab/Lab_Fellous/RawData_RatExploration/Exploration_Rizzo/RawData/031920 ,352,20200319,115221,19-Mar-2020 11:52:21,ee_alterhb,2
6,6,4,6,5,1,1,1,1,0,0,0,1,1,1,0,0,0,6,6,6,4,4,4,4,4,4,4,4,4,1,1,1,5,5,5,5,5,5,5,5,5,90,90,Game1,20200319,115221,0,31920,Rizzo ,/Users/wang/WANG/Lab/Lab_Fellous/RawData_RatExploration/Exploration_Rizzo/RawData/031920 ,352,20200319,115221,19-Mar-2020 11:52:21,ee_alterhb,1
6,6,2,8,1,5,1,1,1,0,0,0,1,1,1,0,0,0,8,8,8,8,8,8,2,2,2,8,8,8,5,5,5,5,5,5,1,1,1,5,5,5,90,90,Game1,20200319,115221,0,31920,Rizzo ,/Users/wang/WANG/Lab/Lab_Fellous/RawData_RatExploration/Exploration_Rizzo/RawData/031920 ,352,20200319,115221,19-Mar-2020 11:52:21,ee_alterhb,2
6,6,4,6,5,1,1,1,1,0,0,0,1,1,1,0,0,0,6,6,6,4,4,4,4,4,4,4,4,4,1,1,1,5,5,5,5,5,5,5,5,5,90,90,Game1,20200319,115221,0,31920,Rizzo ,/Users/wang/WANG/Lab/Lab_Fellous/RawData_RatExploration/Exploration_Rizzo/RawData/031920 ,352,20200319,115221,19-Mar-2020 11:52:21,ee_alterhb,1
6,6,2,8,1,5,1,1,1,0,0,0,1,1,1,0,0,0,8,8,8,8,8,8,2,2,2,8,8,8,5,5,5,5,5,5,1,1,1,5,5,5,90,90,Game1,20200319,115221,0,31920,Rizzo ,/Users/wang/WANG/Lab/Lab_Fellous/RawData_RatExploration/Exploration_Rizzo/RawData/031920 ,352,20200319,115221,19-Mar-2020 11:52:21,ee_alterhb,2
6,6,4,6,1,0,1,1,1,0,0,0,1,1,1,0,0,0,4,4,4,6,6,4,6,6,6,4,4,4,1,1,1,0,0,1,0,0,0,1,1,1,90,90,Game1,20200319,115221,0,31920,Rizzo ,/Users/wang/WANG/Lab/Lab_Fellous/RawData_RatExploration/Exploration_Rizzo/RawData/031920 ,352,20200319,115221,19-Mar-2020 11:52:21,ee_alterhb,1
6,6,2,8,1,0,1,1,1,0,0,0,1,1,1,0,0,0,8,8,8,2,2,2,2,2,2,8,8,8,0,0,0,1,1,1,1,1,1,0,0,0,90,90,Game1,20200319,115221,0,31920,Rizzo ,/Users/wang/WANG/Lab/Lab_Fellous/RawData_RatExploration/Exploration_Rizzo/RawData/031920 ,352,20200319,115221,19-Mar-2020 11:52:21,ee_alterhb,2
6,6,4,6,1,5,1,1,1,0,0,0,1,1,1,0,0,0,4,4,4,6,4,4,6,6,6,4,4,4,1,1,1,5,1,1,5,5,5,1,1,1,90,90,Game1,20200319,115221,0,31920,Rizzo ,/Users/wang/WANG/Lab/Lab_Fellous/RawData_RatExploration/Exploration_Rizzo/RawData/031920 ,352,20200319,115221,19-Mar-2020 11:52:21,ee_alterhb,1
6,6,2,8,5,1,1,1,1,0,0,0,1,1,1,0,0,0,8,8,8,8,8,8,2,2,2,8,8,8,1,1,1,1,1,1,5,5,5,1,1,1,90,90,Game1,20200319,115221,0,31920,Rizzo ,/Users/wang/WANG/Lab/Lab_Fellous/RawData_RatExploration/Exploration_Rizzo/RawData/031920 ,352,20200319,115221,19-Mar-2020 11:52:21,ee_alterhb,2
6,6,4,6,1,5,1,1,1,0,0,0,1,1,1,0,0,0,4,4,4,6,6,6,6,6,6,6,6,6,1,1,1,5,5,5,5,5,5,5,5,5,90,90,Game1,20200319,115221,0,31920,Rizzo ,/Users/wang/WANG/Lab/Lab_Fellous/RawData_RatExploration/Exploration_Rizzo/RawData/031920 ,352,20200319,115221,19-Mar-2020 11:52:21,ee_alterhb,1
6,6,2,8,1,0,1,1,1,0,0,0,1,1,1,0,0,0,8,8,8,2,2,2,2,2,2,2,2,8,0,0,0,1,1,1,1,1,1,1,1,0,90,90,Game1,20200319,115221,0,31920,Rizzo ,/Users/wang/WANG/Lab/Lab_Fellous/RawData_RatExploration/Exploration_Rizzo/RawData/031920 ,352,20200319,115221,19-Mar-2020 11:52:21,ee_alterhb,2
6,6,4,6,1,0,1,1,1,0,0,0,1,1,1,0,0,0,4,4,4,6,6,4,6,6,6,4,4,4,1,1,1,0,0,1,0,0,0,1,1,1,90,90,Game1,20200319,115221,0,31920,Rizzo ,/Users/wang/WANG/Lab/Lab_Fellous/RawData_RatExploration/Exploration_Rizzo/RawData/031920 ,352,20200319,115221,19-Mar-2020 11:52:21,ee_alterhb,1
6,6,2,8,1,5,1,1,1,0,0,0,1,1,1,0,0,0,8,8,8,2,2,8,2,2,2,8,8,8,5,5,5,1,1,5,1,1,1,5,5,5,90,90,Game1,20200319,115221,0,31920,Rizzo ,/Users/wang/WANG/Lab/Lab_Fellous/RawData_RatExploration/Exploration_Rizzo/RawData/031920 ,352,20200319,115221,19-Mar-2020 11:52:21,ee_alterhb,2
6,6,4,6,1,0,1,1,1,0,0,0,1,1,1,0,0,0,6,6,6,4,4,6,4,4,4,4,6,4,0,0,0,1,1,0,1,1,1,1,0,1,90,90,Game1,20200319,115221,0,31920,Rizzo ,/Users/wang/WANG/Lab/Lab_Fellous/RawData_RatExploration/Exploration_Rizzo/RawData/031920 ,352,20200319,115221,19-Mar-2020 11:52:21,ee_alterhb,1
6,6,2,8,1,0,1,1,1,0,0,0,1,1,1,0,0,0,8,8,8,2,2,2,2,2,2,8,2,2,0,0,0,1,1,1,1,1,1,0,1,1,90,90,Game1,20200321,131458,0,32120,Rizzo ,/Users/wang/WANG/Lab/Lab_Fellous/RawData_RatExploration/Exploration_Rizzo/RawData/032120 ,274,20200321,131458,21-Mar-2020 13:14:58,ee_alterhb,2
6,6,4,6,5,1,1,1,1,0,0,0,1,1,1,0,0,0,6,6,6,4,4,4,4,4,4,4,4,4,1,1,1,5,5,5,5,5,5,5,5,5,90,90,Game1,20200321,131458,0,32120,Rizzo ,/Users/wang/WANG/Lab/Lab_Fellous/RawData_RatExploration/Exploration_Rizzo/RawData/032120 ,274,20200321,131458,21-Mar-2020 13:14:58,ee_alterhb,1
6,6,2,8,1,5,1,1,1,0,0,0,1,1,1,0,0,0,8,8,8,2,8,8,2,2,2,8,8,8,5,5,5,1,5,5,1,1,1,5,5,5,90,90,Game1,20200321,131458,0,32120,Rizzo ,/Users/wang/WANG/Lab/Lab_Fellous/RawData_RatExploration/Exploration_Rizzo/RawData/032120 ,274,20200321,131458,21-Mar-2020 13:14:58,ee_alterhb,2
6,6,4,6,5,1,1,1,1,0,0,0,1,1,1,0,0,0,6,6,6,4,4,4,4,4,4,4,4,4,1,1,1,5,5,5,5,5,5,5,5,5,90,90,Game1,20200321,131458,0,32120,Rizzo ,/Users/wang/WANG/Lab/Lab_Fellous/RawData_RatExploration/Exploration_Rizzo/RawData/032120 ,274,20200321,131458,21-Mar-2020 13:14:58,ee_alterhb,1
6,6,2,8,1,5,1,1,1,0,0,0,1,1,1,0,0,0,8,8,8,8,8,8,2,2,2,8,8,8,5,5,5,5,5,5,1,1,1,5,5,5,90,90,Game1,20200321,131458,0,32120,Rizzo ,/Users/wang/WANG/Lab/Lab_Fellous/RawData_RatExploration/Exploration_Rizzo/RawData/032120 ,274,20200321,131458,21-Mar-2020 13:14:58,ee_alterhb,2
6,6,4,6,1,0,1,1,1,0,0,0,1,1,1,0,0,0,4,4,4,4,6,4,6,6,6,4,4,4,1,1,1,1,0,1,0,0,0,1,1,1,90,90,Game1,20200321,131458,0,32120,Rizzo ,/Users/wang/WANG/Lab/Lab_Fellous/RawData_RatExploration/Exploration_Rizzo/RawData/032120 ,274,20200321,131458,21-Mar-2020 13:14:58,ee_alterhb,1
6,6,2,8,1,0,1,1,1,0,0,0,1,1,1,0,0,0,8,8,8,2,2,2,2,2,2,8,2,8,0,0,0,1,1,1,1,1,1,0,1,0,90,90,Game1,20200321,131458,0,32120,Rizzo ,/Users/wang/WANG/Lab/Lab_Fellous/RawData_RatExploration/Exploration_Rizzo/RawData/032120 ,274,20200321,131458,21-Mar-2020 13:14:58,ee_alterhb,2
6,6,4,6,1,5,1,1,1,0,0,0,1,1,1,0,0,0,4,4,4,4,4,4,6,6,6,4,4,4,1,1,1,1,1,1,5,5,5,1,1,1,90,90,Game1,20200321,131458,0,32120,Rizzo ,/Users/wang/WANG/Lab/Lab_Fellous/RawData_RatExploration/Exploration_Rizzo/RawData/032120 ,274,20200321,131458,21-Mar-2020 13:14:58,ee_alterhb,1
6,6,2,8,5,1,1,1,1,0,0,0,1,1,1,0,0,0,8,8,8,2,2,2,2,2,2,8,2,2,1,1,1,5,5,5,5,5,5,1,5,5,90,90,Game1,20200321,131458,0,32120,Rizzo ,/Users/wang/WANG/Lab/Lab_Fellous/RawData_RatExploration/Exploration_Rizzo/RawData/032120 ,274,20200321,131458,21-Mar-2020 13:14:58,ee_alterhb,2
6,6,4,6,1,5,1,1,1,0,0,0,1,1,1,0,0,0,4,4,4,6,6,6,6,6,6,6,6,6,1,1,1,5,5,5,5,5,5,5,5,5,90,90,Game1,20200321,131458,0,32120,Rizzo ,/Users/wang/WANG/Lab/Lab_Fellous/RawData_RatExploration/Exploration_Rizzo/RawData/032120 ,274,20200321,131458,21-Mar-2020 13:14:58,ee_alterhb,1
6,6,2,8,1,0,1,1,1,0,0,0,1,1,1,0,0,0,8,8,8,2,2,2,2,2,2,2,2,2,0,0,0,1,1,1,1,1,1,1,1,1,130,130,Game1,20200304,182123,0,30420,Tianqi,/Users/wang/WANG/Lab/Lab_Fellous/RawData_RatExploration/Exploration_Tianqi/RawData/030420,262,20200304,182123,04-Mar-2020 18:21:23,ee_alterhb,2
6,6,4,6,5,1,1,1,1,0,0,0,1,1,1,0,0,0,6,6,6,6,6,6,4,4,4,4,4,4,1,1,1,1,1,1,5,5,5,5,5,5,130,130,Game1,20200304,182123,0,30420,Tianqi,/Users/wang/WANG/Lab/Lab_Fellous/RawData_RatExploration/Exploration_Tianqi/RawData/030420,262,20200304,182123,04-Mar-2020 18:21:23,ee_alterhb,1
6,6,2,8,1,5,1,1,1,0,0,0,1,1,1,0,0,0,8,8,8,8,8,8,2,2,2,8,8,8,5,5,5,5,5,5,1,1,1,5,5,5,130,130,Game1,20200304,182123,0,30420,Tianqi,/Users/wang/WANG/Lab/Lab_Fellous/RawData_RatExploration/Exploration_Tianqi/RawData/030420,262,20200304,182123,04-Mar-2020 18:21:23,ee_alterhb,2
6,6,4,6,5,1,1,1,1,0,0,0,1,1,1,0,0,0,6,6,6,4,4,4,4,4,4,4,4,4,1,1,1,5,5,5,5,5,5,5,5,5,130,130,Game1,20200304,182123,0,30420,Tianqi,/Users/wang/WANG/Lab/Lab_Fellous/RawData_RatExploration/Exploration_Tianqi/RawData/030420,262,20200304,182123,04-Mar-2020 18:21:23,ee_alterhb,1
6,6,2,8,1,5,1,1,1,0,0,0,1,1,1,0,0,0,8,8,8,8,2,8,2,2,2,8,8,8,5,5,5,5,1,5,1,1,1,5,5,5,130,130,Game1,20200304,182123,0,30420,Tianqi,/Users/wang/WANG/Lab/Lab_Fellous/RawData_RatExploration/Exploration_Tianqi/RawData/030420,262,20200304,182123,04-Mar-2020 18:21:23,ee_alterhb,2
6,6,4,6,1,0,1,1,1,0,0,0,1,1,1,0,0,0,4,4,4,4,4,4,6,6,6,4,4,4,1,1,1,1,1,1,0,0,0,1,1,1,130,130,Game1,20200304,182123,0,30420,Tianqi,/Users/wang/WANG/Lab/Lab_Fellous/RawData_RatExploration/Exploration_Tianqi/RawData/030420,262,20200304,182123,04-Mar-2020 18:21:23,ee_alterhb,1
6,6,2,8,1,0,1,1,1,0,0,0,1,1,1,0,0,0,8,8,8,2,8,2,2,2,2,8,2,8,0,0,0,1,0,1,1,1,1,0,1,0,130,130,Game1,20200304,182123,0,30420,Tianqi,/Users/wang/WANG/Lab/Lab_Fellous/RawData_RatExploration/Exploration_Tianqi/RawData/030420,262,20200304,182123,04-Mar-2020 18:21:23,ee_alterhb,2
6,6,4,6,1,5,1,1,1,0,0,0,1,1,1,0,0,0,4,4,4,4,4,4,6,6,6,6,6,6,1,1,1,1,1,1,5,5,5,5,5,5,130,130,Game1,20200304,182123,0,30420,Tianqi,/Users/wang/WANG/Lab/Lab_Fellous/RawData_RatExploration/Exploration_Tianqi/RawData/030420,262,20200304,182123,04-Mar-2020 18:21:23,ee_alterhb,1
6,6,2,8,5,1,1,1,1,0,0,0,1,1,1,0,0,0,8,8,8,2,2,2,2,2,2,2,2,2,1,1,1,5,5,5,5,5,5,5,5,5,130,130,Game1,20200304,182123,0,30420,Tianqi,/Users/wang/WANG/Lab/Lab_Fellous/RawData_RatExploration/Exploration_Tianqi/RawData/030420,262,20200304,182123,04-Mar-2020 18:21:23,ee_alterhb,2
6,6,4,6,1,5,1,1,1,0,0,0,1,1,1,0,0,0,4,4,4,6,6,4,6,6,6,4,4,6,1,1,1,5,5,1,5,5,5,1,1,5,130,130,Game1,20200304,182123,0,30420,Tianqi,/Users/wang/WANG/Lab/Lab_Fellous/RawData_RatExploration/Exploration_Tianqi/RawData/030420,262,20200304,182123,04-Mar-2020 18:21:23,ee_alterhb,1
6,6,2,8,1,0,1,1,1,0,0,0,1,1,1,0,0,0,8,8,8,2,2,2,2,2,2,2,2,2,0,0,0,1,1,1,1,1,1,1,1,1,130,130,Game1,20200305,120500,0,30520,Tianqi,/Users/wang/WANG/Lab/Lab_Fellous/RawData_RatExploration/Exploration_Tianqi/RawData/030520,232,20200305,120500,05-Mar-2020 12:05:00,ee_alterhb,2
6,6,4,6,5,1,1,1,1,0,0,0,1,1,1,0,0,0,6,6,6,4,4,4,4,4,4,4,4,4,1,1,1,5,5,5,5,5,5,5,5,5,130,130,Game1,20200305,120500,0,30520,Tianqi,/Users/wang/WANG/Lab/Lab_Fellous/RawData_RatExploration/Exploration_Tianqi/RawData/030520,232,20200305,120500,05-Mar-2020 12:05:00,ee_alterhb,1
6,6,2,8,1,5,1,1,1,0,0,0,1,1,1,0,0,0,8,8,8,8,2,2,2,2,2,8,8,8,5,5,5,5,1,1,1,1,1,5,5,5,130,130,Game1,20200305,120500,0,30520,Tianqi,/Users/wang/WANG/Lab/Lab_Fellous/RawData_RatExploration/Exploration_Tianqi/RawData/030520,232,20200305,120500,05-Mar-2020 12:05:00,ee_alterhb,2
6,6,4,6,5,1,1,1,1,0,0,0,1,1,1,0,0,0,6,6,6,4,4,4,4,4,4,4,4,4,1,1,1,5,5,5,5,5,5,5,5,5,130,130,Game1,20200305,120500,0,30520,Tianqi,/Users/wang/WANG/Lab/Lab_Fellous/RawData_RatExploration/Exploration_Tianqi/RawData/030520,232,20200305,120500,05-Mar-2020 12:05:00,ee_alterhb,1
6,6,2,8,1,5,1,1,1,0,0,0,1,1,1,0,0,0,8,8,8,8,8,8,2,2,2,8,8,8,5,5,5,5,5,5,1,1,1,5,5,5,130,130,Game1,20200305,120500,0,30520,Tianqi,/Users/wang/WANG/Lab/Lab_Fellous/RawData_RatExploration/Exploration_Tianqi/RawData/030520,232,20200305,120500,05-Mar-2020 12:05:00,ee_alterhb,2
6,6,4,6,1,0,1,1,1,0,0,0,1,1,1,0,0,0,4,4,4,6,4,4,6,6,6,4,4,4,1,1,1,0,1,1,0,0,0,1,1,1,130,130,Game1,20200305,120500,0,30520,Tianqi,/Users/wang/WANG/Lab/Lab_Fellous/RawData_RatExploration/Exploration_Tianqi/RawData/030520,232,20200305,120500,05-Mar-2020 12:05:00,ee_alterhb,1
6,6,2,8,1,0,1,1,1,0,0,0,1,1,1,0,0,0,8,8,8,2,2,2,2,2,2,8,2,8,0,0,0,1,1,1,1,1,1,0,1,0,130,130,Game1,20200305,120500,0,30520,Tianqi,/Users/wang/WANG/Lab/Lab_Fellous/RawData_RatExploration/Exploration_Tianqi/RawData/030520,232,20200305,120500,05-Mar-2020 12:05:00,ee_alterhb,2
6,6,4,6,1,5,1,1,1,0,0,0,1,1,1,0,0,0,4,4,4,4,4,4,6,6,6,6,6,6,1,1,1,1,1,1,5,5,5,5,5,5,130,130,Game1,20200305,120500,0,30520,Tianqi,/Users/wang/WANG/Lab/Lab_Fellous/RawData_RatExploration/Exploration_Tianqi/RawData/030520,232,20200305,120500,05-Mar-2020 12:05:00,ee_alterhb,1
6,6,2,8,5,1,1,1,1,0,0,0,1,1,1,0,0,0,8,8,8,8,8,2,2,2,2,2,2,2,1,1,1,1,1,5,5,5,5,5,5,5,130,130,Game1,20200305,120500,0,30520,Tianqi,/Users/wang/WANG/Lab/Lab_Fellous/RawData_RatExploration/Exploration_Tianqi/RawData/030520,232,20200305,120500,05-Mar-2020 12:05:00,ee_alterhb,2
6,6,2,8,1,0,1,1,1,0,0,0,1,1,1,0,0,0,8,8,8,2,2,2,2,2,2,2,2,2,0,0,0,1,1,1,1,1,1,1,1,1,130,130,Game1,20200306,161650,0,30620,Tianqi,/Users/wang/WANG/Lab/Lab_Fellous/RawData_RatExploration/Exploration_Tianqi/RawData/030620,216,20200306,161650,06-Mar-2020 16:16:50,ee_alterhb,2
6,6,4,6,5,1,1,1,1,0,0,0,1,1,1,0,0,0,6,6,6,6,6,6,4,4,4,4,4,4,1,1,1,1,1,1,5,5,5,5,5,5,130,130,Game1,20200306,161650,0,30620,Tianqi,/Users/wang/WANG/Lab/Lab_Fellous/RawData_RatExploration/Exploration_Tianqi/RawData/030620,216,20200306,161650,06-Mar-2020 16:16:50,ee_alterhb,1
6,6,2,8,1,5,1,1,1,0,0,0,1,1,1,0,0,0,8,8,8,8,8,8,2,2,2,8,8,8,5,5,5,5,5,5,1,1,1,5,5,5,130,130,Game1,20200306,161650,0,30620,Tianqi,/Users/wang/WANG/Lab/Lab_Fellous/RawData_RatExploration/Exploration_Tianqi/RawData/030620,216,20200306,161650,06-Mar-2020 16:16:50,ee_alterhb,2
6,6,4,6,5,1,1,1,1,0,0,0,1,1,1,0,0,0,6,6,6,4,4,4,4,4,4,4,4,4,1,1,1,5,5,5,5,5,5,5,5,5,130,130,Game1,20200306,161650,0,30620,Tianqi,/Users/wang/WANG/Lab/Lab_Fellous/RawData_RatExploration/Exploration_Tianqi/RawData/030620,216,20200306,161650,06-Mar-2020 16:16:50,ee_alterhb,1
6,6,2,8,1,5,1,1,1,0,0,0,1,1,1,0,0,0,8,8,8,8,8,8,2,2,2,8,8,8,5,5,5,5,5,5,1,1,1,5,5,5,130,130,Game1,20200306,161650,0,30620,Tianqi,/Users/wang/WANG/Lab/Lab_Fellous/RawData_RatExploration/Exploration_Tianqi/RawData/030620,216,20200306,161650,06-Mar-2020 16:16:50,ee_alterhb,2
6,6,4,6,1,0,1,1,1,0,0,0,1,1,1,0,0,0,4,4,4,4,4,6,6,6,6,4,4,4,1,1,1,1,1,0,0,0,0,1,1,1,130,130,Game1,20200306,161650,0,30620,Tianqi,/Users/wang/WANG/Lab/Lab_Fellous/RawData_RatExploration/Exploration_Tianqi/RawData/030620,216,20200306,161650,06-Mar-2020 16:16:50,ee_alterhb,1
6,6,2,8,1,0,1,1,1,0,0,0,1,1,1,0,0,0,8,8,8,2,2,2,2,2,2,2,2,8,0,0,0,1,1,1,1,1,1,1,1,0,130,130,Game1,20200306,161650,0,30620,Tianqi,/Users/wang/WANG/Lab/Lab_Fellous/RawData_RatExploration/Exploration_Tianqi/RawData/030620,216,20200306,161650,06-Mar-2020 16:16:50,ee_alterhb,2
6,6,4,6,1,5,1,1,1,0,0,0,1,1,1,0,0,0,4,4,4,4,4,4,6,6,6,6,6,6,1,1,1,1,1,1,5,5,5,5,5,5,130,130,Game1,20200306,161650,0,30620,Tianqi,/Users/wang/WANG/Lab/Lab_Fellous/RawData_RatExploration/Exploration_Tianqi/RawData/030620,216,20200306,161650,06-Mar-2020 16:16:50,ee_alterhb,1
6,6,2,8,1,0,1,1,1,0,0,0,1,1,1,0,0,0,8,8,8,2,2,2,2,2,2,2,2,8,0,0,0,1,1,1,1,1,1,1,1,0,130,130,Game1,20200307,132508,0,30720,Tianqi,/Users/wang/WANG/Lab/Lab_Fellous/RawData_RatExploration/Exploration_Tianqi/RawData/030720,214,20200307,132508,07-Mar-2020 13:25:08,ee_alterhb,2
6,6,4,6,5,1,1,1,1,0,0,0,1,1,1,0,0,0,6,6,6,4,4,4,4,4,4,4,4,4,1,1,1,5,5,5,5,5,5,5,5,5,130,130,Game1,20200307,132508,0,30720,Tianqi,/Users/wang/WANG/Lab/Lab_Fellous/RawData_RatExploration/Exploration_Tianqi/RawData/030720,214,20200307,132508,07-Mar-2020 13:25:08,ee_alterhb,1
6,6,2,8,1,5,1,1,1,0,0,0,1,1,1,0,0,0,8,8,8,8,8,8,2,2,2,2,8,8,5,5,5,5,5,5,1,1,1,1,5,5,130,130,Game1,20200307,132508,0,30720,Tianqi,/Users/wang/WANG/Lab/Lab_Fellous/RawData_RatExploration/Exploration_Tianqi/RawData/030720,214,20200307,132508,07-Mar-2020 13:25:08,ee_alterhb,2
6,6,4,6,5,1,1,1,1,0,0,0,1,1,1,0,0,0,6,6,6,4,4,4,4,4,4,4,4,4,1,1,1,5,5,5,5,5,5,5,5,5,130,130,Game1,20200307,132508,0,30720,Tianqi,/Users/wang/WANG/Lab/Lab_Fellous/RawData_RatExploration/Exploration_Tianqi/RawData/030720,214,20200307,132508,07-Mar-2020 13:25:08,ee_alterhb,1
6,6,2,8,1,5,1,1,1,0,0,0,1,1,1,0,0,0,8,8,8,8,8,8,2,2,2,8,8,8,5,5,5,5,5,5,1,1,1,5,5,5,130,130,Game1,20200307,132508,0,30720,Tianqi,/Users/wang/WANG/Lab/Lab_Fellous/RawData_RatExploration/Exploration_Tianqi/RawData/030720,214,20200307,132508,07-Mar-2020 13:25:08,ee_alterhb,2
6,6,4,6,1,0,1,1,1,0,0,0,1,1,1,0,0,0,4,4,4,4,4,4,6,6,6,4,4,4,1,1,1,1,1,1,0,0,0,1,1,1,130,130,Game1,20200307,132508,0,30720,Tianqi,/Users/wang/WANG/Lab/Lab_Fellous/RawData_RatExploration/Exploration_Tianqi/RawData/030720,214,20200307,132508,07-Mar-2020 13:25:08,ee_alterhb,1
6,6,2,8,1,0,1,1,1,0,0,0,1,1,1,0,0,0,8,8,8,2,2,8,2,2,2,2,2,2,0,0,0,1,1,0,1,1,1,1,1,1,130,130,Game1,20200307,132508,0,30720,Tianqi,/Users/wang/WANG/Lab/Lab_Fellous/RawData_RatExploration/Exploration_Tianqi/RawData/030720,214,20200307,132508,07-Mar-2020 13:25:08,ee_alterhb,2
6,6,4,6,1,5,1,1,1,0,0,0,1,1,1,0,0,0,4,4,4,6,4,4,6,6,6,4,6,4,1,1,1,5,1,1,5,5,5,1,5,1,130,130,Game1,20200307,132508,0,30720,Tianqi,/Users/wang/WANG/Lab/Lab_Fellous/RawData_RatExploration/Exploration_Tianqi/RawData/030720,214,20200307,132508,07-Mar-2020 13:25:08,ee_alterhb,1
6,6,2,8,1,0,1,1,1,0,0,0,1,1,1,0,0,0,8,8,8,2,2,2,2,2,2,2,2,2,0,0,0,1,1,1,1,1,1,1,1,1,130,130,Game1,20200313,155249,0,31320,Tianqi,/Users/wang/WANG/Lab/Lab_Fellous/RawData_RatExploration/Exploration_Tianqi/RawData/031320,134,20200313,155249,13-Mar-2020 15:52:49,ee_alterhb,2
6,6,4,6,5,1,1,1,1,0,0,0,1,1,1,0,0,0,6,6,6,4,4,4,4,4,4,4,4,4,1,1,1,5,5,5,5,5,5,5,5,5,130,130,Game1,20200313,155249,0,31320,Tianqi,/Users/wang/WANG/Lab/Lab_Fellous/RawData_RatExploration/Exploration_Tianqi/RawData/031320,134,20200313,155249,13-Mar-2020 15:52:49,ee_alterhb,1
6,6,2,8,1,5,1,1,1,0,0,0,1,1,1,0,0,0,8,8,8,8,8,8,2,2,2,8,8,8,5,5,5,5,5,5,1,1,1,5,5,5,130,130,Game1,20200313,155249,0,31320,Tianqi,/Users/wang/WANG/Lab/Lab_Fellous/RawData_RatExploration/Exploration_Tianqi/RawData/031320,134,20200313,155249,13-Mar-2020 15:52:49,ee_alterhb,2
6,6,4,6,5,1,1,1,1,0,0,0,1,1,1,0,0,0,6,6,6,4,4,4,4,4,4,4,4,4,1,1,1,5,5,5,5,5,5,5,5,5,130,130,Game1,20200313,155249,0,31320,Tianqi,/Users/wang/WANG/Lab/Lab_Fellous/RawData_RatExploration/Exploration_Tianqi/RawData/031320,134,20200313,155249,13-Mar-2020 15:52:49,ee_alterhb,1
6,6,2,8,1,5,1,1,1,0,0,0,1,1,1,0,0,0,8,8,8,8,8,2,2,2,2,8,8,8,5,5,5,5,5,1,1,1,1,5,5,5,130,130,Game1,20200313,155249,0,31320,Tianqi,/Users/wang/WANG/Lab/Lab_Fellous/RawData_RatExploration/Exploration_Tianqi/RawData/031320,134,20200313,155249,13-Mar-2020 15:52:49,ee_alterhb,2
6,6,2,8,1,0,1,1,1,0,0,0,1,1,1,0,0,0,8,8,8,2,2,2,2,2,2,8,2,2,0,0,0,1,1,1,1,1,1,0,1,1,130,130,Game1,20200314,201603,0,31420,Tianqi,/Users/wang/WANG/Lab/Lab_Fellous/RawData_RatExploration/Exploration_Tianqi/RawData/031420,122,20200314,201603,14-Mar-2020 20:16:03,ee_alterhb,2
6,6,4,6,5,1,1,1,1,0,0,0,1,1,1,0,0,0,6,6,6,4,4,4,4,4,4,4,4,4,1,1,1,5,5,5,5,5,5,5,5,5,130,130,Game1,20200314,201603,0,31420,Tianqi,/Users/wang/WANG/Lab/Lab_Fellous/RawData_RatExploration/Exploration_Tianqi/RawData/031420,122,20200314,201603,14-Mar-2020 20:16:03,ee_alterhb,1
6,6,2,8,1,5,1,1,1,0,0,0,1,1,1,0,0,0,8,8,8,8,8,8,2,2,2,8,8,8,5,5,5,5,5,5,1,1,1,5,5,5,130,130,Game1,20200314,201603,0,31420,Tianqi,/Users/wang/WANG/Lab/Lab_Fellous/RawData_RatExploration/Exploration_Tianqi/RawData/031420,122,20200314,201603,14-Mar-2020 20:16:03,ee_alterhb,2
6,6,4,6,5,1,1,1,1,0,0,0,1,1,1,0,0,0,6,6,6,4,4,4,4,4,4,4,4,4,1,1,1,5,5,5,5,5,5,5,5,5,130,130,Game1,20200314,201603,0,31420,Tianqi,/Users/wang/WANG/Lab/Lab_Fellous/RawData_RatExploration/Exploration_Tianqi/RawData/031420,122,20200314,201603,14-Mar-2020 20:16:03,ee_alterhb,1
6,6,2,8,1,0,1,1,1,0,0,0,1,1,1,0,0,0,8,8,8,2,2,2,2,2,2,8,2,2,0,0,0,1,1,1,1,1,1,0,1,1,130,130,Game1,20200317,120833,0,31720,Tianqi,/Users/wang/WANG/Lab/Lab_Fellous/RawData_RatExploration/Exploration_Tianqi/RawData/031720,136,20200317,120833,17-Mar-2020 12:08:33,ee_alterhb,2
6,6,4,6,5,1,1,1,1,0,0,0,1,1,1,0,0,0,6,6,6,4,4,4,4,4,4,4,4,4,1,1,1,5,5,5,5,5,5,5,5,5,130,130,Game1,20200317,120833,0,31720,Tianqi,/Users/wang/WANG/Lab/Lab_Fellous/RawData_RatExploration/Exploration_Tianqi/RawData/031720,136,20200317,120833,17-Mar-2020 12:08:33,ee_alterhb,1
6,6,2,8,1,5,1,1,1,0,0,0,1,1,1,0,0,0,8,8,8,8,8,8,2,2,2,8,8,8,5,5,5,5,5,5,1,1,1,5,5,5,130,130,Game1,20200317,120833,0,31720,Tianqi,/Users/wang/WANG/Lab/Lab_Fellous/RawData_RatExploration/Exploration_Tianqi/RawData/031720,136,20200317,120833,17-Mar-2020 12:08:33,ee_alterhb,2
6,6,4,6,5,1,1,1,1,0,0,0,1,1,1,0,0,0,6,6,6,4,4,4,4,4,4,4,4,4,1,1,1,5,5,5,5,5,5,5,5,5,130,130,Game1,20200317,120833,0,31720,Tianqi,/Users/wang/WANG/Lab/Lab_Fellous/RawData_RatExploration/Exploration_Tianqi/RawData/031720,136,20200317,120833,17-Mar-2020 12:08:33,ee_alterhb,1
6,6,2,8,1,5,1,1,1,0,0,0,1,1,1,0,0,0,8,8,8,8,8,8,2,2,2,8,8,8,5,5,5,5,5,5,1,1,1,5,5,5,130,130,Game1,20200317,120833,0,31720,Tianqi,/Users/wang/WANG/Lab/Lab_Fellous/RawData_RatExploration/Exploration_Tianqi/RawData/031720,136,20200317,120833,17-Mar-2020 12:08:33,ee_alterhb,2
6,6,2,8,1,0,1,1,1,0,0,0,1,1,1,0,0,0,8,8,8,2,2,2,2,2,2,8,2,2,0,0,0,1,1,1,1,1,1,0,1,1,130,130,Game1,20200318,173912,0,31820,Tianqi,/Users/wang/WANG/Lab/Lab_Fellous/RawData_RatExploration/Exploration_Tianqi/RawData/031820,147,20200318,173912,18-Mar-2020 17:39:12,ee_alterhb,2
6,6,4,6,5,1,1,1,1,0,0,0,1,1,1,0,0,0,6,6,6,4,4,4,4,4,4,4,4,4,1,1,1,5,5,5,5,5,5,5,5,5,130,130,Game1,20200318,173912,0,31820,Tianqi,/Users/wang/WANG/Lab/Lab_Fellous/RawData_RatExploration/Exploration_Tianqi/RawData/031820,147,20200318,173912,18-Mar-2020 17:39:12,ee_alterhb,1
6,6,2,8,1,5,1,1,1,0,0,0,1,1,1,0,0,0,8,8,8,8,8,8,2,2,2,8,8,8,5,5,5,5,5,5,1,1,1,5,5,5,130,130,Game1,20200318,173912,0,31820,Tianqi,/Users/wang/WANG/Lab/Lab_Fellous/RawData_RatExploration/Exploration_Tianqi/RawData/031820,147,20200318,173912,18-Mar-2020 17:39:12,ee_alterhb,2
6,6,4,6,5,1,1,1,1,0,0,0,1,1,1,0,0,0,6,6,6,4,4,4,4,4,4,4,4,4,1,1,1,5,5,5,5,5,5,5,5,5,130,130,Game1,20200318,173912,0,31820,Tianqi,/Users/wang/WANG/Lab/Lab_Fellous/RawData_RatExploration/Exploration_Tianqi/RawData/031820,147,20200318,173912,18-Mar-2020 17:39:12,ee_alterhb,1
6,6,2,8,1,5,1,1,1,0,0,0,1,1,1,0,0,0,8,8,8,8,8,8,2,2,2,8,8,8,5,5,5,5,5,5,1,1,1,5,5,5,130,130,Game1,20200318,173912,0,31820,Tianqi,/Users/wang/WANG/Lab/Lab_Fellous/RawData_RatExploration/Exploration_Tianqi/RawData/031820,147,20200318,173912,18-Mar-2020 17:39:12,ee_alterhb,2
6,6,2,8,1,0,1,1,1,0,0,0,1,1,1,0,0,0,8,8,8,2,2,2,2,2,2,8,2,2,0,0,0,1,1,1,1,1,1,0,1,1,90,90,Game1,20200319,132720,0,31920,Tianqi,/Users/wang/WANG/Lab/Lab_Fellous/RawData_RatExploration/Exploration_Tianqi/RawData/031920,362,20200319,132720,19-Mar-2020 13:27:20,ee_alterhb,2
6,6,4,6,5,1,1,1,1,0,0,0,1,1,1,0,0,0,6,6,6,4,4,4,4,4,4,4,4,4,1,1,1,5,5,5,5,5,5,5,5,5,90,90,Game1,20200319,132720,0,31920,Tianqi,/Users/wang/WANG/Lab/Lab_Fellous/RawData_RatExploration/Exploration_Tianqi/RawData/031920,362,20200319,132720,19-Mar-2020 13:27:20,ee_alterhb,1
6,6,2,8,1,5,1,1,1,0,0,0,1,1,1,0,0,0,8,8,8,8,8,8,2,2,2,8,8,8,5,5,5,5,5,5,1,1,1,5,5,5,90,90,Game1,20200319,132720,0,31920,Tianqi,/Users/wang/WANG/Lab/Lab_Fellous/RawData_RatExploration/Exploration_Tianqi/RawData/031920,362,20200319,132720,19-Mar-2020 13:27:20,ee_alterhb,2
6,6,4,6,5,1,1,1,1,0,0,0,1,1,1,0,0,0,6,6,6,4,4,4,4,4,4,4,4,4,1,1,1,5,5,5,5,5,5,5,5,5,90,90,Game1,20200319,132720,0,31920,Tianqi,/Users/wang/WANG/Lab/Lab_Fellous/RawData_RatExploration/Exploration_Tianqi/RawData/031920,362,20200319,132720,19-Mar-2020 13:27:20,ee_alterhb,1
6,6,2,8,1,5,1,1,1,0,0,0,1,1,1,0,0,0,8,8,8,8,8,8,2,2,2,8,8,8,5,5,5,5,5,5,1,1,1,5,5,5,90,90,Game1,20200319,132720,0,31920,Tianqi,/Users/wang/WANG/Lab/Lab_Fellous/RawData_RatExploration/Exploration_Tianqi/RawData/031920,362,20200319,132720,19-Mar-2020 13:27:20,ee_alterhb,2
6,6,4,6,1,0,1,1,1,0,0,0,1,1,1,0,0,0,4,4,4,4,4,6,6,6,6,4,4,4,1,1,1,1,1,0,0,0,0,1,1,1,90,90,Game1,20200319,132720,0,31920,Tianqi,/Users/wang/WANG/Lab/Lab_Fellous/RawData_RatExploration/Exploration_Tianqi/RawData/031920,362,20200319,132720,19-Mar-2020 13:27:20,ee_alterhb,1
6,6,2,8,1,0,1,1,1,0,0,0,1,1,1,0,0,0,8,8,8,2,2,8,2,2,2,8,2,8,0,0,0,1,1,0,1,1,1,0,1,0,90,90,Game1,20200319,132720,0,31920,Tianqi,/Users/wang/WANG/Lab/Lab_Fellous/RawData_RatExploration/Exploration_Tianqi/RawData/031920,362,20200319,132720,19-Mar-2020 13:27:20,ee_alterhb,2
6,6,4,6,1,5,1,1,1,0,0,0,1,1,1,0,0,0,4,4,4,4,4,4,6,6,6,4,4,4,1,1,1,1,1,1,5,5,5,1,1,1,90,90,Game1,20200319,132720,0,31920,Tianqi,/Users/wang/WANG/Lab/Lab_Fellous/RawData_RatExploration/Exploration_Tianqi/RawData/031920,362,20200319,132720,19-Mar-2020 13:27:20,ee_alterhb,1
6,6,2,8,5,1,1,1,1,0,0,0,1,1,1,0,0,0,8,8,8,2,2,8,2,2,2,8,8,8,1,1,1,5,5,1,5,5,5,1,1,1,90,90,Game1,20200319,132720,0,31920,Tianqi,/Users/wang/WANG/Lab/Lab_Fellous/RawData_RatExploration/Exploration_Tianqi/RawData/031920,362,20200319,132720,19-Mar-2020 13:27:20,ee_alterhb,2
6,6,4,6,1,5,1,1,1,0,0,0,1,1,1,0,0,0,4,4,4,6,4,4,6,6,6,6,4,4,1,1,1,5,1,1,5,5,5,5,1,1,90,90,Game1,20200319,132720,0,31920,Tianqi,/Users/wang/WANG/Lab/Lab_Fellous/RawData_RatExploration/Exploration_Tianqi/RawData/031920,362,20200319,132720,19-Mar-2020 13:27:20,ee_alterhb,1
6,6,2,8,1,0,1,1,1,0,0,0,1,1,1,0,0,0,8,8,8,2,2,2,2,2,2,2,2,8,0,0,0,1,1,1,1,1,1,1,1,0,90,90,Game1,20200319,132720,0,31920,Tianqi,/Users/wang/WANG/Lab/Lab_Fellous/RawData_RatExploration/Exploration_Tianqi/RawData/031920,362,20200319,132720,19-Mar-2020 13:27:20,ee_alterhb,2
6,6,4,6,1,0,1,1,1,0,0,0,1,1,1,0,0,0,4,4,4,4,4,6,6,6,6,4,4,4,1,1,1,1,1,0,0,0,0,1,1,1,90,90,Game1,20200319,132720,0,31920,Tianqi,/Users/wang/WANG/Lab/Lab_Fellous/RawData_RatExploration/Exploration_Tianqi/RawData/031920,362,20200319,132720,19-Mar-2020 13:27:20,ee_alterhb,1
6,6,2,8,1,5,1,1,1,0,0,0,1,1,1,0,0,0,8,8,8,8,8,8,2,2,2,8,8,8,5,5,5,5,5,5,1,1,1,5,5,5,90,90,Game1,20200319,132720,0,31920,Tianqi,/Users/wang/WANG/Lab/Lab_Fellous/RawData_RatExploration/Exploration_Tianqi/RawData/031920,362,20200319,132720,19-Mar-2020 13:27:20,ee_alterhb,2
6,6,4,6,1,0,1,1,1,0,0,0,1,1,1,0,0,0,6,6,6,4,4,4,4,4,4,4,4,4,0,0,0,1,1,1,1,1,1,1,1,1,90,90,Game1,20200319,132720,0,31920,Tianqi,/Users/wang/WANG/Lab/Lab_Fellous/RawData_RatExploration/Exploration_Tianqi/RawData/031920,362,20200319,132720,19-Mar-2020 13:27:20,ee_alterhb,1
6,6,2,8,1,0,1,1,1,0,0,0,1,1,1,0,0,0,8,8,8,2,2,2,2,2,2,8,2,2,0,0,0,1,1,1,1,1,1,0,1,1,90,90,Game1,20200321,141803,0,32120,Tianqi,/Users/wang/WANG/Lab/Lab_Fellous/RawData_RatExploration/Exploration_Tianqi/RawData/032120,276,20200321,141803,21-Mar-2020 14:18:03,ee_alterhb,2
6,6,4,6,5,1,1,1,1,0,0,0,1,1,1,0,0,0,6,6,6,4,4,4,4,4,4,4,4,4,1,1,1,5,5,5,5,5,5,5,5,5,90,90,Game1,20200321,141803,0,32120,Tianqi,/Users/wang/WANG/Lab/Lab_Fellous/RawData_RatExploration/Exploration_Tianqi/RawData/032120,276,20200321,141803,21-Mar-2020 14:18:03,ee_alterhb,1
6,6,2,8,1,5,1,1,1,0,0,0,1,1,1,0,0,0,8,8,8,8,8,8,2,2,2,8,8,8,5,5,5,5,5,5,1,1,1,5,5,5,90,90,Game1,20200321,141803,0,32120,Tianqi,/Users/wang/WANG/Lab/Lab_Fellous/RawData_RatExploration/Exploration_Tianqi/RawData/032120,276,20200321,141803,21-Mar-2020 14:18:03,ee_alterhb,2
6,6,4,6,5,1,1,1,1,0,0,0,1,1,1,0,0,0,6,6,6,4,4,4,4,4,4,4,4,4,1,1,1,5,5,5,5,5,5,5,5,5,90,90,Game1,20200321,141803,0,32120,Tianqi,/Users/wang/WANG/Lab/Lab_Fellous/RawData_RatExploration/Exploration_Tianqi/RawData/032120,276,20200321,141803,21-Mar-2020 14:18:03,ee_alterhb,1
6,6,2,8,1,5,1,1,1,0,0,0,1,1,1,0,0,0,8,8,8,8,8,8,2,2,2,8,8,8,5,5,5,5,5,5,1,1,1,5,5,5,90,90,Game1,20200321,141803,0,32120,Tianqi,/Users/wang/WANG/Lab/Lab_Fellous/RawData_RatExploration/Exploration_Tianqi/RawData/032120,276,20200321,141803,21-Mar-2020 14:18:03,ee_alterhb,2
6,6,4,6,1,0,1,1,1,0,0,0,1,1,1,0,0,0,4,4,4,6,4,4,6,6,6,4,4,4,1,1,1,0,1,1,0,0,0,1,1,1,90,90,Game1,20200321,141803,0,32120,Tianqi,/Users/wang/WANG/Lab/Lab_Fellous/RawData_RatExploration/Exploration_Tianqi/RawData/032120,276,20200321,141803,21-Mar-2020 14:18:03,ee_alterhb,1
6,6,2,8,1,0,1,1,1,0,0,0,1,1,1,0,0,0,8,8,8,2,2,2,2,2,2,8,2,2,0,0,0,1,1,1,1,1,1,0,1,1,90,90,Game1,20200321,141803,0,32120,Tianqi,/Users/wang/WANG/Lab/Lab_Fellous/RawData_RatExploration/Exploration_Tianqi/RawData/032120,276,20200321,141803,21-Mar-2020 14:18:03,ee_alterhb,2
6,6,4,6,1,5,1,1,1,0,0,0,1,1,1,0,0,0,4,4,4,4,6,6,6,6,6,4,4,6,1,1,1,1,5,5,5,5,5,1,1,5,90,90,Game1,20200321,141803,0,32120,Tianqi,/Users/wang/WANG/Lab/Lab_Fellous/RawData_RatExploration/Exploration_Tianqi/RawData/032120,276,20200321,141803,21-Mar-2020 14:18:03,ee_alterhb,1
6,6,2,8,5,1,1,1,1,0,0,0,1,1,1,0,0,0,8,8,8,2,8,2,2,2,2,2,8,2,1,1,1,5,1,5,5,5,5,5,1,5,90,90,Game1,20200321,141803,0,32120,Tianqi,/Users/wang/WANG/Lab/Lab_Fellous/RawData_RatExploration/Exploration_Tianqi/RawData/032120,276,20200321,141803,21-Mar-2020 14:18:03,ee_alterhb,2
6,6,4,6,1,5,1,1,1,0,0,0,1,1,1,0,0,0,4,4,4,6,6,6,6,6,6,6,6,6,1,1,1,5,5,5,5,5,5,5,5,5,90,90,Game1,20200321,141803,0,32120,Tianqi,/Users/wang/WANG/Lab/Lab_Fellous/RawData_RatExploration/Exploration_Tianqi/RawData/032120,276,20200321,141803,21-Mar-2020 14:18:03,ee_alterhb,1
6,6,2,8,1,0,1,1,1,0,0,0,1,1,1,0,0,0,8,8,8,2,2,2,2,2,2,8,8,2,0,0,0,1,1,1,1,1,1,0,0,1,90,90,Game1,20200321,141803,0,32120,Tianqi,/Users/wang/WANG/Lab/Lab_Fellous/RawData_RatExploration/Exploration_Tianqi/RawData/032120,276,20200321,141803,21-Mar-2020 14:18:03,ee_alterhb,2
