n_guided,n_free,feeders_1,feeders_2,drop,is_guided_1,is_guided_2,is_guided_3,is_guided_4,is_guided_5,is_guided_6,is_guided_7,is_guided_8,is_guided_9,c_1,c_2,c_3,c_4,c_5,c_6,c_7,c_8,c_9,r_1,r_2,r_3,r_4,r_5,r_6,r_7,r_8,r_9,releasetime_1,releasetime_2,filename,date,time,delaytime,folderdate,rat,foldername,n_games,str_date,str_time,datetime,version,homebase15
3,6,4,6,NaN,1,1,1,0,0,0,0,0,0,4,4,4,4,4,4,4,4,4,5,3,3,4,1,5,5,4,2,100,100,Game1,20210414,155934,0,41421,Gerald,/Users/wang/WANG/Lab/Lab_Fellous/RawData_RatExploration/Exploration_Gerald/RawData/041421,326,20210414,155934,14-Apr-2021 15:59:34,ee_alterhb,1
3,6,2,8,NaN,1,1,1,0,0,0,0,0,0,8,8,8,8,8,8,8,8,8,3,3,4,2,5,4,5,2,1,100,100,Game1,20210414,155934,0,41421,Gerald,/Users/wang/WANG/Lab/Lab_Fellous/RawData_RatExploration/Exploration_Gerald/RawData/041421,326,20210414,155934,14-Apr-2021 15:59:34,ee_alterhb,2
3,6,4,6,NaN,1,1,1,0,0,0,0,0,0,4,4,4,4,6,4,6,4,4,1,4,5,0,1,2,4,5,0,100,100,Game1,20210414,155934,0,41421,Gerald,/Users/wang/WANG/Lab/Lab_Fellous/RawData_RatExploration/Exploration_Gerald/RawData/041421,326,20210414,155934,14-Apr-2021 15:59:34,ee_alterhb,1
3,6,2,8,NaN,1,1,1,0,0,0,0,0,0,2,2,2,8,8,8,8,8,8,2,4,5,5,1,5,3,3,0,100,100,Game1,20210414,155934,0,41421,Gerald,/Users/wang/WANG/Lab/Lab_Fellous/RawData_RatExploration/Exploration_Gerald/RawData/041421,326,20210414,155934,14-Apr-2021 15:59:34,ee_alterhb,2
3,6,4,6,NaN,1,1,1,0,0,0,0,0,0,6,6,6,4,6,4,6,4,6,0,0,3,3,3,0,3,3,1,100,100,Game1,20210414,155934,0,41421,Gerald,/Users/wang/WANG/Lab/Lab_Fellous/RawData_RatExploration/Exploration_Gerald/RawData/041421,326,20210414,155934,14-Apr-2021 15:59:34,ee_alterhb,1
3,6,2,8,NaN,1,1,1,0,0,0,0,0,0,8,8,8,8,2,8,2,8,8,2,3,5,0,3,0,5,2,2,100,100,Game1,20210414,155934,0,41421,Gerald,/Users/wang/WANG/Lab/Lab_Fellous/RawData_RatExploration/Exploration_Gerald/RawData/041421,326,20210414,155934,14-Apr-2021 15:59:34,ee_alterhb,2
3,6,4,6,NaN,1,1,1,0,0,0,0,0,0,6,6,6,4,4,4,6,4,6,5,0,4,2,4,1,5,0,0,100,100,Game1,20210414,155934,0,41421,Gerald,/Users/wang/WANG/Lab/Lab_Fellous/RawData_RatExploration/Exploration_Gerald/RawData/041421,326,20210414,155934,14-Apr-2021 15:59:34,ee_alterhb,1
3,6,2,8,NaN,1,1,1,0,0,0,0,0,0,8,8,8,2,8,2,8,8,8,4,1,0,0,1,2,5,4,4,100,100,Game1,20210414,155934,0,41421,Gerald,/Users/wang/WANG/Lab/Lab_Fellous/RawData_RatExploration/Exploration_Gerald/RawData/041421,326,20210414,155934,14-Apr-2021 15:59:34,ee_alterhb,2
3,6,4,6,NaN,1,1,1,0,0,0,0,0,0,6,6,6,4,4,6,4,6,4,1,1,4,4,0,1,1,4,3,100,100,Game1,20210414,155934,0,41421,Gerald,/Users/wang/WANG/Lab/Lab_Fellous/RawData_RatExploration/Exploration_Gerald/RawData/041421,326,20210414,155934,14-Apr-2021 15:59:34,ee_alterhb,1
3,6,2,8,NaN,1,1,1,0,0,0,0,0,0,2,2,2,8,8,8,2,2,8,3,5,4,4,0,2,5,2,4,100,100,Game1,20210414,155934,0,41421,Gerald,/Users/wang/WANG/Lab/Lab_Fellous/RawData_RatExploration/Exploration_Gerald/RawData/041421,326,20210414,155934,14-Apr-2021 15:59:34,ee_alterhb,2
3,6,4,6,NaN,1,1,1,0,0,0,0,0,0,6,6,6,4,4,4,6,4,6,2,2,4,1,4,0,5,1,2,100,100,Game1,20210414,155934,0,41421,Gerald,/Users/wang/WANG/Lab/Lab_Fellous/RawData_RatExploration/Exploration_Gerald/RawData/041421,326,20210414,155934,14-Apr-2021 15:59:34,ee_alterhb,1
3,6,2,8,NaN,1,1,1,0,0,0,0,0,0,8,8,8,2,8,2,8,8,8,1,2,1,0,0,3,3,5,3,100,100,Game1,20210414,155934,0,41421,Gerald,/Users/wang/WANG/Lab/Lab_Fellous/RawData_RatExploration/Exploration_Gerald/RawData/041421,326,20210414,155934,14-Apr-2021 15:59:34,ee_alterhb,2
3,6,4,6,NaN,1,1,1,0,0,0,0,0,0,4,4,4,6,4,6,6,6,6,0,3,5,1,0,3,5,2,3,100,100,Game1,20210414,155934,0,41421,Gerald,/Users/wang/WANG/Lab/Lab_Fellous/RawData_RatExploration/Exploration_Gerald/RawData/041421,326,20210414,155934,14-Apr-2021 15:59:34,ee_alterhb,1
3,6,2,8,NaN,1,1,1,0,0,0,0,0,0,2,2,2,8,8,2,8,8,8,0,5,5,4,1,2,1,1,3,100,100,Game1,20210414,155934,0,41421,Gerald,/Users/wang/WANG/Lab/Lab_Fellous/RawData_RatExploration/Exploration_Gerald/RawData/041421,326,20210414,155934,14-Apr-2021 15:59:34,ee_alterhb,2
3,6,4,6,NaN,1,1,1,0,0,0,0,0,0,4,4,4,4,6,4,6,6,4,0,3,5,0,2,3,2,5,3,100,100,Game1,20210414,155934,0,41421,Gerald,/Users/wang/WANG/Lab/Lab_Fellous/RawData_RatExploration/Exploration_Gerald/RawData/041421,326,20210414,155934,14-Apr-2021 15:59:34,ee_alterhb,1
3,6,2,8,NaN,1,1,1,0,0,0,0,0,0,8,8,8,8,8,8,8,8,8,5,4,1,2,4,5,0,1,0,100,100,Game1,20210414,155934,0,41421,Gerald,/Users/wang/WANG/Lab/Lab_Fellous/RawData_RatExploration/Exploration_Gerald/RawData/041421,326,20210414,155934,14-Apr-2021 15:59:34,ee_alterhb,2
3,6,4,6,NaN,1,1,1,0,0,0,0,0,0,6,6,6,4,6,6,4,6,6,2,0,4,0,0,4,3,5,2,100,100,Game1,20210414,155934,0,41421,Gerald,/Users/wang/WANG/Lab/Lab_Fellous/RawData_RatExploration/Exploration_Gerald/RawData/041421,326,20210414,155934,14-Apr-2021 15:59:34,ee_alterhb,1
3,6,4,6,NaN,1,1,1,0,0,0,0,0,0,4,4,4,6,4,4,4,4,6,4,1,1,3,2,4,0,0,4,100,100,Game1,20210415,115808,0,41521,Gerald,/Users/wang/WANG/Lab/Lab_Fellous/RawData_RatExploration/Exploration_Gerald/RawData/041521,325,20210415,115808,15-Apr-2021 11:58:08,ee_alterhb,1
3,6,2,8,NaN,1,1,1,0,0,0,0,0,0,8,8,8,8,8,8,2,8,8,4,2,2,5,1,3,3,3,0,100,100,Game1,20210415,115808,0,41521,Gerald,/Users/wang/WANG/Lab/Lab_Fellous/RawData_RatExploration/Exploration_Gerald/RawData/041521,325,20210415,115808,15-Apr-2021 11:58:08,ee_alterhb,2
3,6,4,6,NaN,1,1,1,0,0,0,0,0,0,4,4,4,6,4,4,6,4,6,2,1,3,3,5,2,0,5,3,100,100,Game1,20210415,115808,0,41521,Gerald,/Users/wang/WANG/Lab/Lab_Fellous/RawData_RatExploration/Exploration_Gerald/RawData/041521,325,20210415,115808,15-Apr-2021 11:58:08,ee_alterhb,1
3,6,2,8,NaN,1,1,1,0,0,0,0,0,0,2,2,2,8,8,8,8,8,2,5,4,3,1,2,2,4,4,2,100,100,Game1,20210415,115808,0,41521,Gerald,/Users/wang/WANG/Lab/Lab_Fellous/RawData_RatExploration/Exploration_Gerald/RawData/041521,325,20210415,115808,15-Apr-2021 11:58:08,ee_alterhb,2
3,6,4,6,NaN,1,1,1,0,0,0,0,0,0,4,4,4,6,4,6,6,6,4,4,4,0,2,3,5,0,3,1,100,100,Game1,20210415,115808,0,41521,Gerald,/Users/wang/WANG/Lab/Lab_Fellous/RawData_RatExploration/Exploration_Gerald/RawData/041521,325,20210415,115808,15-Apr-2021 11:58:08,ee_alterhb,1
3,6,2,8,NaN,1,1,1,0,0,0,0,0,0,2,2,2,8,8,8,8,8,8,5,4,5,3,3,2,5,4,1,100,100,Game1,20210415,115808,0,41521,Gerald,/Users/wang/WANG/Lab/Lab_Fellous/RawData_RatExploration/Exploration_Gerald/RawData/041521,325,20210415,115808,15-Apr-2021 11:58:08,ee_alterhb,2
3,6,4,6,NaN,1,1,1,0,0,0,0,0,0,6,6,6,4,6,4,6,4,6,5,2,5,0,1,2,3,1,1,100,100,Game1,20210415,115808,0,41521,Gerald,/Users/wang/WANG/Lab/Lab_Fellous/RawData_RatExploration/Exploration_Gerald/RawData/041521,325,20210415,115808,15-Apr-2021 11:58:08,ee_alterhb,1
3,6,2,8,NaN,1,1,1,0,0,0,0,0,0,2,2,2,8,8,8,8,8,8,1,2,1,5,2,5,3,0,4,100,100,Game1,20210415,115808,0,41521,Gerald,/Users/wang/WANG/Lab/Lab_Fellous/RawData_RatExploration/Exploration_Gerald/RawData/041521,325,20210415,115808,15-Apr-2021 11:58:08,ee_alterhb,2
3,6,4,6,NaN,1,1,1,0,0,0,0,0,0,6,6,6,4,4,6,4,6,4,2,2,0,5,0,5,0,2,0,100,100,Game1,20210415,115808,0,41521,Gerald,/Users/wang/WANG/Lab/Lab_Fellous/RawData_RatExploration/Exploration_Gerald/RawData/041521,325,20210415,115808,15-Apr-2021 11:58:08,ee_alterhb,1
3,6,2,8,NaN,1,1,1,0,0,0,0,0,0,8,8,8,8,8,8,8,8,8,4,0,5,3,1,2,1,5,5,100,100,Game1,20210415,115808,0,41521,Gerald,/Users/wang/WANG/Lab/Lab_Fellous/RawData_RatExploration/Exploration_Gerald/RawData/041521,325,20210415,115808,15-Apr-2021 11:58:08,ee_alterhb,2
3,6,4,6,NaN,1,1,1,0,0,0,0,0,0,4,4,4,6,4,6,4,6,6,2,1,4,1,4,3,2,5,5,100,100,Game1,20210415,115808,0,41521,Gerald,/Users/wang/WANG/Lab/Lab_Fellous/RawData_RatExploration/Exploration_Gerald/RawData/041521,325,20210415,115808,15-Apr-2021 11:58:08,ee_alterhb,1
3,6,2,8,NaN,1,1,1,0,0,0,0,0,0,2,2,2,8,8,8,8,8,8,4,2,2,4,4,2,3,5,0,100,100,Game1,20210415,115808,0,41521,Gerald,/Users/wang/WANG/Lab/Lab_Fellous/RawData_RatExploration/Exploration_Gerald/RawData/041521,325,20210415,115808,15-Apr-2021 11:58:08,ee_alterhb,2
3,6,4,6,NaN,1,1,1,0,0,0,0,0,0,4,4,4,6,4,4,4,4,6,2,2,4,2,4,4,3,1,5,100,100,Game1,20210415,115808,0,41521,Gerald,/Users/wang/WANG/Lab/Lab_Fellous/RawData_RatExploration/Exploration_Gerald/RawData/041521,325,20210415,115808,15-Apr-2021 11:58:08,ee_alterhb,1
3,6,2,8,NaN,1,1,1,0,0,0,0,0,0,2,2,2,8,8,8,8,8,8,5,5,0,3,2,2,5,2,0,100,100,Game1,20210415,115808,0,41521,Gerald,/Users/wang/WANG/Lab/Lab_Fellous/RawData_RatExploration/Exploration_Gerald/RawData/041521,325,20210415,115808,15-Apr-2021 11:58:08,ee_alterhb,2
3,6,4,6,NaN,1,1,1,0,0,0,0,0,0,4,4,4,4,6,6,6,4,4,0,2,5,2,5,5,1,5,5,100,100,Game1,20210415,115808,0,41521,Gerald,/Users/wang/WANG/Lab/Lab_Fellous/RawData_RatExploration/Exploration_Gerald/RawData/041521,325,20210415,115808,15-Apr-2021 11:58:08,ee_alterhb,1
3,6,2,8,NaN,1,1,1,0,0,0,0,0,0,2,2,2,8,8,8,8,8,8,2,1,0,5,5,5,3,1,0,100,100,Game1,20210415,115808,0,41521,Gerald,/Users/wang/WANG/Lab/Lab_Fellous/RawData_RatExploration/Exploration_Gerald/RawData/041521,325,20210415,115808,15-Apr-2021 11:58:08,ee_alterhb,2
3,6,4,6,NaN,1,1,1,0,0,0,0,0,0,6,6,6,4,6,6,6,6,4,2,2,2,1,0,3,4,5,5,100,100,Game1,20210415,115808,0,41521,Gerald,/Users/wang/WANG/Lab/Lab_Fellous/RawData_RatExploration/Exploration_Gerald/RawData/041521,325,20210415,115808,15-Apr-2021 11:58:08,ee_alterhb,1
3,6,4,6,NaN,1,1,1,0,0,0,0,0,0,4,4,4,4,4,6,6,4,6,1,2,4,1,2,2,5,1,1,100,100,Game1,20210420,161440,0,42021,Gerald,/Users/wang/WANG/Lab/Lab_Fellous/RawData_RatExploration/Exploration_Gerald/RawData/042021,335,20210420,161440,20-Apr-2021 16:14:40,ee_alterhb,1
3,6,2,8,NaN,1,1,1,0,0,0,0,0,0,2,2,2,8,2,2,2,2,2,3,0,4,0,1,3,0,4,5,100,100,Game1,20210420,161440,0,42021,Gerald,/Users/wang/WANG/Lab/Lab_Fellous/RawData_RatExploration/Exploration_Gerald/RawData/042021,335,20210420,161440,20-Apr-2021 16:14:40,ee_alterhb,2
3,6,4,6,NaN,1,1,1,0,0,0,0,0,0,4,4,4,6,6,4,6,4,6,5,4,1,4,0,1,3,2,1,100,100,Game1,20210420,161440,0,42021,Gerald,/Users/wang/WANG/Lab/Lab_Fellous/RawData_RatExploration/Exploration_Gerald/RawData/042021,335,20210420,161440,20-Apr-2021 16:14:40,ee_alterhb,1
3,6,2,8,NaN,1,1,1,0,0,0,0,0,0,2,2,2,8,8,2,8,2,8,0,0,3,1,1,2,1,5,1,100,100,Game1,20210420,161440,0,42021,Gerald,/Users/wang/WANG/Lab/Lab_Fellous/RawData_RatExploration/Exploration_Gerald/RawData/042021,335,20210420,161440,20-Apr-2021 16:14:40,ee_alterhb,2
3,6,4,6,NaN,1,1,1,0,0,0,0,0,0,4,4,4,6,4,6,4,4,6,4,0,0,1,0,0,5,1,1,100,100,Game1,20210420,161440,0,42021,Gerald,/Users/wang/WANG/Lab/Lab_Fellous/RawData_RatExploration/Exploration_Gerald/RawData/042021,335,20210420,161440,20-Apr-2021 16:14:40,ee_alterhb,1
3,6,2,8,NaN,1,1,1,0,0,0,0,0,0,2,2,2,8,8,8,2,2,8,0,0,2,4,4,0,1,1,3,100,100,Game1,20210420,161440,0,42021,Gerald,/Users/wang/WANG/Lab/Lab_Fellous/RawData_RatExploration/Exploration_Gerald/RawData/042021,335,20210420,161440,20-Apr-2021 16:14:40,ee_alterhb,2
3,6,4,6,NaN,1,1,1,0,0,0,0,0,0,6,6,6,6,4,6,4,6,6,5,4,3,4,4,0,2,3,3,100,100,Game1,20210420,161440,0,42021,Gerald,/Users/wang/WANG/Lab/Lab_Fellous/RawData_RatExploration/Exploration_Gerald/RawData/042021,335,20210420,161440,20-Apr-2021 16:14:40,ee_alterhb,1
3,6,2,8,NaN,1,1,1,0,0,0,0,0,0,2,2,2,8,8,2,8,2,8,3,3,3,0,1,2,0,4,1,100,100,Game1,20210420,161440,0,42021,Gerald,/Users/wang/WANG/Lab/Lab_Fellous/RawData_RatExploration/Exploration_Gerald/RawData/042021,335,20210420,161440,20-Apr-2021 16:14:40,ee_alterhb,2
3,6,4,6,NaN,1,1,1,0,0,0,0,0,0,4,4,4,6,6,6,6,6,6,1,3,2,3,2,5,3,2,5,100,100,Game1,20210420,161440,0,42021,Gerald,/Users/wang/WANG/Lab/Lab_Fellous/RawData_RatExploration/Exploration_Gerald/RawData/042021,335,20210420,161440,20-Apr-2021 16:14:40,ee_alterhb,1
3,6,2,8,NaN,1,1,1,0,0,0,0,0,0,8,8,8,2,8,8,8,2,2,3,2,5,1,4,1,0,4,5,100,100,Game1,20210420,161440,0,42021,Gerald,/Users/wang/WANG/Lab/Lab_Fellous/RawData_RatExploration/Exploration_Gerald/RawData/042021,335,20210420,161440,20-Apr-2021 16:14:40,ee_alterhb,2
3,6,4,6,NaN,1,1,1,0,0,0,0,0,0,6,6,6,4,4,6,4,6,4,3,4,1,0,1,0,2,2,0,100,100,Game1,20210420,161440,0,42021,Gerald,/Users/wang/WANG/Lab/Lab_Fellous/RawData_RatExploration/Exploration_Gerald/RawData/042021,335,20210420,161440,20-Apr-2021 16:14:40,ee_alterhb,1
3,6,2,8,NaN,1,1,1,0,0,0,0,0,0,8,8,8,2,8,8,8,8,2,2,4,2,0,4,5,0,3,4,100,100,Game1,20210420,161440,0,42021,Gerald,/Users/wang/WANG/Lab/Lab_Fellous/RawData_RatExploration/Exploration_Gerald/RawData/042021,335,20210420,161440,20-Apr-2021 16:14:40,ee_alterhb,2
3,6,4,6,NaN,1,1,1,0,0,0,0,0,0,4,4,4,6,4,4,4,6,6,2,4,4,1,5,5,4,2,2,100,100,Game1,20210420,161440,0,42021,Gerald,/Users/wang/WANG/Lab/Lab_Fellous/RawData_RatExploration/Exploration_Gerald/RawData/042021,335,20210420,161440,20-Apr-2021 16:14:40,ee_alterhb,1
3,6,2,8,NaN,1,1,1,0,0,0,0,0,0,2,2,2,8,2,8,2,2,8,2,2,5,0,2,4,3,4,2,100,100,Game1,20210420,161440,0,42021,Gerald,/Users/wang/WANG/Lab/Lab_Fellous/RawData_RatExploration/Exploration_Gerald/RawData/042021,335,20210420,161440,20-Apr-2021 16:14:40,ee_alterhb,2
3,6,4,6,NaN,1,1,1,0,0,0,0,0,0,6,6,6,6,6,4,6,6,6,4,3,1,4,3,3,3,4,1,100,100,Game1,20210420,161440,0,42021,Gerald,/Users/wang/WANG/Lab/Lab_Fellous/RawData_RatExploration/Exploration_Gerald/RawData/042021,335,20210420,161440,20-Apr-2021 16:14:40,ee_alterhb,1
3,6,2,8,NaN,1,1,1,0,0,0,0,0,0,8,8,8,2,8,8,2,8,8,0,4,4,4,5,2,3,3,4,100,100,Game1,20210420,161440,0,42021,Gerald,/Users/wang/WANG/Lab/Lab_Fellous/RawData_RatExploration/Exploration_Gerald/RawData/042021,335,20210420,161440,20-Apr-2021 16:14:40,ee_alterhb,2
3,6,4,6,NaN,1,1,1,0,0,0,0,0,0,4,4,4,6,6,4,6,4,6,2,1,0,4,4,4,5,4,2,100,100,Game1,20210420,161440,0,42021,Gerald,/Users/wang/WANG/Lab/Lab_Fellous/RawData_RatExploration/Exploration_Gerald/RawData/042021,335,20210420,161440,20-Apr-2021 16:14:40,ee_alterhb,1
3,6,4,6,NaN,1,1,1,0,0,0,0,0,0,4,4,4,4,4,4,4,4,4,1,2,4,1,2,3,4,1,1,100,100,Game1,20210422,153154,0,42221,Gerald,/Users/wang/WANG/Lab/Lab_Fellous/RawData_RatExploration/Exploration_Gerald/RawData/042221,288,20210422,153154,22-Apr-2021 15:31:54,ee_alterhb,1
3,6,2,8,NaN,1,1,1,0,0,0,0,0,0,2,2,2,8,2,2,2,2,2,3,0,4,0,1,3,0,4,5,100,100,Game1,20210422,153154,0,42221,Gerald,/Users/wang/WANG/Lab/Lab_Fellous/RawData_RatExploration/Exploration_Gerald/RawData/042221,288,20210422,153154,22-Apr-2021 15:31:54,ee_alterhb,2
3,6,4,6,NaN,1,1,1,0,0,0,0,0,0,4,4,4,6,4,4,4,4,4,5,4,1,4,2,1,1,2,0,100,100,Game1,20210422,153154,0,42221,Gerald,/Users/wang/WANG/Lab/Lab_Fellous/RawData_RatExploration/Exploration_Gerald/RawData/042221,288,20210422,153154,22-Apr-2021 15:31:54,ee_alterhb,1
3,6,2,8,NaN,1,1,1,0,0,0,0,0,0,2,2,2,8,2,2,8,2,8,0,0,3,1,2,2,1,5,1,100,100,Game1,20210422,153154,0,42221,Gerald,/Users/wang/WANG/Lab/Lab_Fellous/RawData_RatExploration/Exploration_Gerald/RawData/042221,288,20210422,153154,22-Apr-2021 15:31:54,ee_alterhb,2
3,6,4,6,NaN,1,1,1,0,0,0,0,0,0,4,4,4,6,4,4,6,4,4,4,0,0,1,0,3,0,1,4,100,100,Game1,20210422,153154,0,42221,Gerald,/Users/wang/WANG/Lab/Lab_Fellous/RawData_RatExploration/Exploration_Gerald/RawData/042221,288,20210422,153154,22-Apr-2021 15:31:54,ee_alterhb,1
3,6,2,8,NaN,1,1,1,0,0,0,0,0,0,2,2,2,8,8,2,2,8,2,0,0,2,4,4,4,1,0,1,100,100,Game1,20210422,153154,0,42221,Gerald,/Users/wang/WANG/Lab/Lab_Fellous/RawData_RatExploration/Exploration_Gerald/RawData/042221,288,20210422,153154,22-Apr-2021 15:31:54,ee_alterhb,2
3,6,4,6,NaN,1,1,1,0,0,0,0,0,0,6,6,6,4,4,4,4,6,6,5,4,3,5,4,2,2,3,3,100,100,Game1,20210422,153154,0,42221,Gerald,/Users/wang/WANG/Lab/Lab_Fellous/RawData_RatExploration/Exploration_Gerald/RawData/042221,288,20210422,153154,22-Apr-2021 15:31:54,ee_alterhb,1
3,6,2,8,NaN,1,1,1,0,0,0,0,0,0,2,2,2,8,2,2,2,8,2,3,3,3,0,5,2,1,4,5,100,100,Game1,20210422,153154,0,42221,Gerald,/Users/wang/WANG/Lab/Lab_Fellous/RawData_RatExploration/Exploration_Gerald/RawData/042221,288,20210422,153154,22-Apr-2021 15:31:54,ee_alterhb,2
3,6,4,6,NaN,1,1,1,0,0,0,0,0,0,4,4,4,4,4,6,4,6,4,1,3,2,3,4,5,2,2,5,100,100,Game1,20210422,153154,0,42221,Gerald,/Users/wang/WANG/Lab/Lab_Fellous/RawData_RatExploration/Exploration_Gerald/RawData/042221,288,20210422,153154,22-Apr-2021 15:31:54,ee_alterhb,1
3,6,2,8,NaN,1,1,1,0,0,0,0,0,0,8,8,8,2,8,8,2,8,2,3,2,5,1,4,1,2,4,5,100,100,Game1,20210422,153154,0,42221,Gerald,/Users/wang/WANG/Lab/Lab_Fellous/RawData_RatExploration/Exploration_Gerald/RawData/042221,288,20210422,153154,22-Apr-2021 15:31:54,ee_alterhb,2
3,6,4,6,NaN,1,1,1,0,0,0,0,0,0,6,6,6,4,4,4,6,4,4,3,4,1,0,1,3,3,4,0,100,100,Game1,20210422,153154,0,42221,Gerald,/Users/wang/WANG/Lab/Lab_Fellous/RawData_RatExploration/Exploration_Gerald/RawData/042221,288,20210422,153154,22-Apr-2021 15:31:54,ee_alterhb,1
3,6,2,8,NaN,1,1,1,0,0,0,0,0,0,8,8,8,2,8,8,8,8,8,2,4,2,0,4,5,0,3,3,100,100,Game1,20210422,153154,0,42221,Gerald,/Users/wang/WANG/Lab/Lab_Fellous/RawData_RatExploration/Exploration_Gerald/RawData/042221,288,20210422,153154,22-Apr-2021 15:31:54,ee_alterhb,2
3,6,4,6,NaN,1,1,1,0,0,0,0,0,0,4,4,4,4,4,4,4,4,6,2,4,4,4,5,5,4,4,2,100,100,Game1,20210422,153154,0,42221,Gerald,/Users/wang/WANG/Lab/Lab_Fellous/RawData_RatExploration/Exploration_Gerald/RawData/042221,288,20210422,153154,22-Apr-2021 15:31:54,ee_alterhb,1
3,6,2,8,NaN,1,1,1,0,0,0,0,0,0,2,2,2,8,8,8,8,8,8,2,2,5,0,1,4,3,4,2,100,100,Game1,20210422,153154,0,42221,Gerald,/Users/wang/WANG/Lab/Lab_Fellous/RawData_RatExploration/Exploration_Gerald/RawData/042221,288,20210422,153154,22-Apr-2021 15:31:54,ee_alterhb,2
3,6,4,6,NaN,1,1,1,0,0,0,0,0,0,6,6,6,4,4,6,4,6,4,4,3,1,1,1,4,4,4,2,100,100,Game1,20210422,153154,0,42221,Gerald,/Users/wang/WANG/Lab/Lab_Fellous/RawData_RatExploration/Exploration_Gerald/RawData/042221,288,20210422,153154,22-Apr-2021 15:31:54,ee_alterhb,1
3,6,4,6,NaN,1,1,1,0,0,0,0,0,0,6,6,6,4,6,4,4,4,6,1,0,0,5,5,4,0,4,4,100,100,Game1,20210427,93904,0,42721,Gerald,/Users/wang/WANG/Lab/Lab_Fellous/RawData_RatExploration/Exploration_Gerald/RawData/042721,269,20210427,93904,27-Apr-2021 09:39:04,ee_alterhb,1
3,6,2,8,NaN,1,1,1,0,0,0,0,0,0,8,8,8,2,8,8,8,2,8,0,5,4,3,3,4,0,3,0,100,100,Game1,20210427,93904,0,42721,Gerald,/Users/wang/WANG/Lab/Lab_Fellous/RawData_RatExploration/Exploration_Gerald/RawData/042721,269,20210427,93904,27-Apr-2021 09:39:04,ee_alterhb,2
3,6,4,6,NaN,1,1,1,0,0,0,0,0,0,6,6,6,4,6,4,6,4,6,3,1,0,5,1,2,2,1,5,100,100,Game1,20210427,93904,0,42721,Gerald,/Users/wang/WANG/Lab/Lab_Fellous/RawData_RatExploration/Exploration_Gerald/RawData/042721,269,20210427,93904,27-Apr-2021 09:39:04,ee_alterhb,1
3,6,2,8,NaN,1,1,1,0,0,0,0,0,0,2,2,2,8,8,8,8,8,8,3,5,3,3,5,1,3,4,1,100,100,Game1,20210427,93904,0,42721,Gerald,/Users/wang/WANG/Lab/Lab_Fellous/RawData_RatExploration/Exploration_Gerald/RawData/042721,269,20210427,93904,27-Apr-2021 09:39:04,ee_alterhb,2
3,6,4,6,NaN,1,1,1,0,0,0,0,0,0,4,4,4,6,4,6,4,6,4,4,3,0,2,4,4,4,5,3,100,100,Game1,20210427,93904,0,42721,Gerald,/Users/wang/WANG/Lab/Lab_Fellous/RawData_RatExploration/Exploration_Gerald/RawData/042721,269,20210427,93904,27-Apr-2021 09:39:04,ee_alterhb,1
3,6,2,8,NaN,1,1,1,0,0,0,0,0,0,8,8,8,8,8,8,8,8,8,4,3,4,5,2,4,3,2,1,100,100,Game1,20210427,93904,0,42721,Gerald,/Users/wang/WANG/Lab/Lab_Fellous/RawData_RatExploration/Exploration_Gerald/RawData/042721,269,20210427,93904,27-Apr-2021 09:39:04,ee_alterhb,2
3,6,4,6,NaN,1,1,1,0,0,0,0,0,0,6,6,6,4,6,4,6,4,6,3,2,2,1,3,2,1,0,3,100,100,Game1,20210427,93904,0,42721,Gerald,/Users/wang/WANG/Lab/Lab_Fellous/RawData_RatExploration/Exploration_Gerald/RawData/042721,269,20210427,93904,27-Apr-2021 09:39:04,ee_alterhb,1
3,6,2,8,NaN,1,1,1,0,0,0,0,0,0,2,2,2,8,8,2,8,2,8,4,2,3,0,0,0,0,0,4,100,100,Game1,20210427,93904,0,42721,Gerald,/Users/wang/WANG/Lab/Lab_Fellous/RawData_RatExploration/Exploration_Gerald/RawData/042721,269,20210427,93904,27-Apr-2021 09:39:04,ee_alterhb,2
3,6,4,6,NaN,1,1,1,0,0,0,0,0,0,6,6,6,4,6,4,4,6,4,1,2,0,2,1,2,2,0,0,100,100,Game1,20210427,93904,0,42721,Gerald,/Users/wang/WANG/Lab/Lab_Fellous/RawData_RatExploration/Exploration_Gerald/RawData/042721,269,20210427,93904,27-Apr-2021 09:39:04,ee_alterhb,1
3,6,2,8,NaN,1,1,1,0,0,0,0,0,0,8,8,8,8,8,8,8,8,8,2,5,4,1,4,4,4,4,3,100,100,Game1,20210427,93904,0,42721,Gerald,/Users/wang/WANG/Lab/Lab_Fellous/RawData_RatExploration/Exploration_Gerald/RawData/042721,269,20210427,93904,27-Apr-2021 09:39:04,ee_alterhb,2
3,6,4,6,NaN,1,1,1,0,0,0,0,0,0,4,4,4,6,4,4,4,6,6,2,3,3,4,5,0,1,2,5,100,100,Game1,20210427,93904,0,42721,Gerald,/Users/wang/WANG/Lab/Lab_Fellous/RawData_RatExploration/Exploration_Gerald/RawData/042721,269,20210427,93904,27-Apr-2021 09:39:04,ee_alterhb,1
3,6,2,8,NaN,1,1,1,0,0,0,0,0,0,8,8,8,8,8,8,8,8,8,4,0,1,1,0,2,5,4,3,100,100,Game1,20210427,93904,0,42721,Gerald,/Users/wang/WANG/Lab/Lab_Fellous/RawData_RatExploration/Exploration_Gerald/RawData/042721,269,20210427,93904,27-Apr-2021 09:39:04,ee_alterhb,2
3,6,4,6,NaN,1,1,1,0,0,0,0,0,0,6,6,6,6,6,6,6,4,6,5,0,0,1,1,5,0,0,4,100,100,Game1,20210427,93904,0,42721,Gerald,/Users/wang/WANG/Lab/Lab_Fellous/RawData_RatExploration/Exploration_Gerald/RawData/042721,269,20210427,93904,27-Apr-2021 09:39:04,ee_alterhb,1
3,6,2,8,NaN,1,1,1,0,0,0,0,0,0,2,2,2,2,8,8,8,8,8,5,5,4,3,2,5,1,3,5,100,100,Game1,20210427,93904,0,42721,Gerald,/Users/wang/WANG/Lab/Lab_Fellous/RawData_RatExploration/Exploration_Gerald/RawData/042721,269,20210427,93904,27-Apr-2021 09:39:04,ee_alterhb,2
3,6,4,6,NaN,1,1,1,0,0,0,0,0,0,6,6,6,6,6,6,4,6,6,3,3,2,3,2,3,5,4,1,100,100,Game1,20201223,104214,0,122320,Ratzo ,/Users/wang/WANG/Lab/Lab_Fellous/RawData_RatExploration/Exploration_Ratzo/RawData/122320 ,307,20201223,104214,23-Dec-2020 10:42:14,ee_alterhb,1
3,6,2,8,NaN,1,1,1,0,0,0,0,0,0,2,2,2,2,2,8,2,8,8,3,4,4,4,1,0,0,4,5,100,100,Game1,20201223,104214,0,122320,Ratzo ,/Users/wang/WANG/Lab/Lab_Fellous/RawData_RatExploration/Exploration_Ratzo/RawData/122320 ,307,20201223,104214,23-Dec-2020 10:42:14,ee_alterhb,2
3,6,4,6,NaN,1,1,1,0,0,0,0,0,0,4,4,4,6,6,6,6,4,4,5,4,3,1,1,3,0,2,0,100,100,Game1,20201223,104214,0,122320,Ratzo ,/Users/wang/WANG/Lab/Lab_Fellous/RawData_RatExploration/Exploration_Ratzo/RawData/122320 ,307,20201223,104214,23-Dec-2020 10:42:14,ee_alterhb,1
3,6,2,8,NaN,1,1,1,0,0,0,0,0,0,8,8,8,8,8,8,8,8,8,4,4,5,2,4,3,4,5,0,100,100,Game1,20201223,104214,0,122320,Ratzo ,/Users/wang/WANG/Lab/Lab_Fellous/RawData_RatExploration/Exploration_Ratzo/RawData/122320 ,307,20201223,104214,23-Dec-2020 10:42:14,ee_alterhb,2
3,6,4,6,NaN,1,1,1,0,0,0,0,0,0,4,4,4,6,4,6,4,6,4,5,5,2,5,2,3,1,5,5,100,100,Game1,20201223,104214,0,122320,Ratzo ,/Users/wang/WANG/Lab/Lab_Fellous/RawData_RatExploration/Exploration_Ratzo/RawData/122320 ,307,20201223,104214,23-Dec-2020 10:42:14,ee_alterhb,1
3,6,2,8,NaN,1,1,1,0,0,0,0,0,0,8,8,8,8,8,8,8,8,2,5,5,5,4,5,0,4,1,5,100,100,Game1,20201223,104214,0,122320,Ratzo ,/Users/wang/WANG/Lab/Lab_Fellous/RawData_RatExploration/Exploration_Ratzo/RawData/122320 ,307,20201223,104214,23-Dec-2020 10:42:14,ee_alterhb,2
3,6,4,6,NaN,1,1,1,0,0,0,0,0,0,6,6,6,6,6,6,6,4,6,0,4,5,0,3,1,0,3,1,100,100,Game1,20201223,104214,0,122320,Ratzo ,/Users/wang/WANG/Lab/Lab_Fellous/RawData_RatExploration/Exploration_Ratzo/RawData/122320 ,307,20201223,104214,23-Dec-2020 10:42:14,ee_alterhb,1
3,6,2,8,NaN,1,1,1,0,0,0,0,0,0,2,2,2,8,2,8,8,8,8,2,3,1,0,2,2,4,5,3,100,100,Game1,20201223,104214,0,122320,Ratzo ,/Users/wang/WANG/Lab/Lab_Fellous/RawData_RatExploration/Exploration_Ratzo/RawData/122320 ,307,20201223,104214,23-Dec-2020 10:42:14,ee_alterhb,2
3,6,4,6,NaN,1,1,1,0,0,0,0,0,0,6,6,6,6,6,6,6,6,6,2,2,3,2,1,5,2,5,1,100,100,Game1,20201223,104214,0,122320,Ratzo ,/Users/wang/WANG/Lab/Lab_Fellous/RawData_RatExploration/Exploration_Ratzo/RawData/122320 ,307,20201223,104214,23-Dec-2020 10:42:14,ee_alterhb,1
3,6,2,8,NaN,1,1,1,0,0,0,0,0,0,8,8,8,2,8,8,8,8,8,2,2,0,5,0,5,4,0,1,100,100,Game1,20201223,104214,0,122320,Ratzo ,/Users/wang/WANG/Lab/Lab_Fellous/RawData_RatExploration/Exploration_Ratzo/RawData/122320 ,307,20201223,104214,23-Dec-2020 10:42:14,ee_alterhb,2
3,6,4,6,NaN,1,1,1,0,0,0,0,0,0,4,4,4,6,6,6,6,6,6,0,1,1,1,2,4,0,1,0,100,100,Game1,20201223,104214,0,122320,Ratzo ,/Users/wang/WANG/Lab/Lab_Fellous/RawData_RatExploration/Exploration_Ratzo/RawData/122320 ,307,20201223,104214,23-Dec-2020 10:42:14,ee_alterhb,1
3,6,2,8,NaN,1,1,1,0,0,0,0,0,0,2,2,2,8,8,8,8,8,8,1,0,4,4,1,5,5,5,2,100,100,Game1,20201223,104214,0,122320,Ratzo ,/Users/wang/WANG/Lab/Lab_Fellous/RawData_RatExploration/Exploration_Ratzo/RawData/122320 ,307,20201223,104214,23-Dec-2020 10:42:14,ee_alterhb,2
3,6,4,6,NaN,1,1,1,0,0,0,0,0,0,4,4,4,6,6,6,6,6,6,4,4,5,3,3,1,1,1,1,100,100,Game1,20201223,104214,0,122320,Ratzo ,/Users/wang/WANG/Lab/Lab_Fellous/RawData_RatExploration/Exploration_Ratzo/RawData/122320 ,307,20201223,104214,23-Dec-2020 10:42:14,ee_alterhb,1
3,6,2,8,NaN,1,1,1,0,0,0,0,0,0,2,2,2,8,8,2,8,8,2,2,0,5,0,0,2,5,0,3,100,100,Game1,20201223,104214,0,122320,Ratzo ,/Users/wang/WANG/Lab/Lab_Fellous/RawData_RatExploration/Exploration_Ratzo/RawData/122320 ,307,20201223,104214,23-Dec-2020 10:42:14,ee_alterhb,2
3,6,4,6,NaN,1,1,1,0,0,0,0,0,0,6,6,6,6,6,6,6,6,6,5,2,4,5,2,5,5,1,4,100,100,Game1,20201223,104214,0,122320,Ratzo ,/Users/wang/WANG/Lab/Lab_Fellous/RawData_RatExploration/Exploration_Ratzo/RawData/122320 ,307,20201223,104214,23-Dec-2020 10:42:14,ee_alterhb,1
3,6,2,8,NaN,1,1,1,0,0,0,0,0,0,2,2,2,8,8,8,8,8,8,4,3,4,2,5,0,5,2,4,100,100,Game1,20201223,104214,0,122320,Ratzo ,/Users/wang/WANG/Lab/Lab_Fellous/RawData_RatExploration/Exploration_Ratzo/RawData/122320 ,307,20201223,104214,23-Dec-2020 10:42:14,ee_alterhb,2
3,6,4,6,NaN,1,1,1,0,0,0,0,0,0,4,4,4,6,6,4,6,6,6,2,0,5,0,0,5,2,4,1,100,100,Game1,20201228,101252,0,122820,Ratzo ,/Users/wang/WANG/Lab/Lab_Fellous/RawData_RatExploration/Exploration_Ratzo/RawData/122820A,288,20201228,101252,28-Dec-2020 10:12:52,ee_alterhb,1
3,6,2,8,NaN,1,1,1,0,0,0,0,0,0,2,2,2,8,8,2,8,8,8,1,0,5,4,0,4,4,4,2,100,100,Game1,20201228,101252,0,122820,Ratzo ,/Users/wang/WANG/Lab/Lab_Fellous/RawData_RatExploration/Exploration_Ratzo/RawData/122820A,288,20201228,101252,28-Dec-2020 10:12:52,ee_alterhb,2
3,6,4,6,NaN,1,1,1,0,0,0,0,0,0,4,4,4,6,6,6,6,6,6,5,4,1,4,4,3,3,4,4,100,100,Game1,20201228,101252,0,122820,Ratzo ,/Users/wang/WANG/Lab/Lab_Fellous/RawData_RatExploration/Exploration_Ratzo/RawData/122820A,288,20201228,101252,28-Dec-2020 10:12:52,ee_alterhb,1
3,6,2,8,NaN,1,1,1,0,0,0,0,0,0,8,8,8,8,2,8,8,8,2,2,0,1,4,0,3,2,0,3,100,100,Game1,20201228,101252,0,122820,Ratzo ,/Users/wang/WANG/Lab/Lab_Fellous/RawData_RatExploration/Exploration_Ratzo/RawData/122820A,288,20201228,101252,28-Dec-2020 10:12:52,ee_alterhb,2
3,6,4,6,NaN,1,1,1,0,0,0,0,0,0,4,4,4,6,6,6,6,6,6,4,2,0,2,4,3,1,1,1,100,100,Game1,20201228,101252,0,122820,Ratzo ,/Users/wang/WANG/Lab/Lab_Fellous/RawData_RatExploration/Exploration_Ratzo/RawData/122820A,288,20201228,101252,28-Dec-2020 10:12:52,ee_alterhb,1
3,6,2,8,NaN,1,1,1,0,0,0,0,0,0,2,2,2,8,8,2,8,2,8,2,4,2,4,3,2,2,2,5,100,100,Game1,20201228,101252,0,122820,Ratzo ,/Users/wang/WANG/Lab/Lab_Fellous/RawData_RatExploration/Exploration_Ratzo/RawData/122820A,288,20201228,101252,28-Dec-2020 10:12:52,ee_alterhb,2
3,6,4,6,NaN,1,1,1,0,0,0,0,0,0,4,4,4,6,6,6,6,6,6,0,4,2,2,2,5,5,5,2,100,100,Game1,20201228,101252,0,122820,Ratzo ,/Users/wang/WANG/Lab/Lab_Fellous/RawData_RatExploration/Exploration_Ratzo/RawData/122820A,288,20201228,101252,28-Dec-2020 10:12:52,ee_alterhb,1
3,6,2,8,NaN,1,1,1,0,0,0,0,0,0,2,2,2,8,8,8,8,8,8,2,3,0,2,0,5,2,3,3,100,100,Game1,20201228,101252,0,122820,Ratzo ,/Users/wang/WANG/Lab/Lab_Fellous/RawData_RatExploration/Exploration_Ratzo/RawData/122820A,288,20201228,101252,28-Dec-2020 10:12:52,ee_alterhb,2
3,6,4,6,NaN,1,1,1,0,0,0,0,0,0,6,6,6,6,6,4,6,6,6,4,3,4,0,0,4,3,1,1,100,100,Game1,20201228,101252,0,122820,Ratzo ,/Users/wang/WANG/Lab/Lab_Fellous/RawData_RatExploration/Exploration_Ratzo/RawData/122820A,288,20201228,101252,28-Dec-2020 10:12:52,ee_alterhb,1
3,6,2,8,NaN,1,1,1,0,0,0,0,0,0,2,2,2,2,8,8,8,2,8,0,2,3,0,4,0,0,2,0,100,100,Game1,20201228,101252,0,122820,Ratzo ,/Users/wang/WANG/Lab/Lab_Fellous/RawData_RatExploration/Exploration_Ratzo/RawData/122820A,288,20201228,101252,28-Dec-2020 10:12:52,ee_alterhb,2
3,6,4,6,NaN,1,1,1,0,0,0,0,0,0,6,6,6,4,6,6,6,6,6,2,0,0,1,5,1,4,3,1,100,100,Game1,20201228,101252,0,122820,Ratzo ,/Users/wang/WANG/Lab/Lab_Fellous/RawData_RatExploration/Exploration_Ratzo/RawData/122820A,288,20201228,101252,28-Dec-2020 10:12:52,ee_alterhb,1
3,6,2,8,NaN,1,1,1,0,0,0,0,0,0,8,8,8,2,2,8,2,8,2,5,0,0,5,4,5,1,0,4,100,100,Game1,20201228,101252,0,122820,Ratzo ,/Users/wang/WANG/Lab/Lab_Fellous/RawData_RatExploration/Exploration_Ratzo/RawData/122820A,288,20201228,101252,28-Dec-2020 10:12:52,ee_alterhb,2
3,6,4,6,NaN,1,1,1,0,0,0,0,0,0,6,6,6,6,6,6,6,6,6,5,5,0,5,4,5,4,1,1,100,100,Game1,20201228,101252,0,122820,Ratzo ,/Users/wang/WANG/Lab/Lab_Fellous/RawData_RatExploration/Exploration_Ratzo/RawData/122820A,288,20201228,101252,28-Dec-2020 10:12:52,ee_alterhb,1
3,6,2,8,NaN,1,1,1,0,0,0,0,0,0,2,2,2,2,8,2,8,8,2,5,2,3,1,2,1,5,5,0,100,100,Game1,20201228,101252,0,122820,Ratzo ,/Users/wang/WANG/Lab/Lab_Fellous/RawData_RatExploration/Exploration_Ratzo/RawData/122820A,288,20201228,101252,28-Dec-2020 10:12:52,ee_alterhb,2
3,6,4,6,NaN,1,1,1,0,0,0,0,0,0,4,4,4,6,6,6,6,6,6,2,2,5,2,4,4,3,1,5,100,100,Game1,20201228,101252,0,122820,Ratzo ,/Users/wang/WANG/Lab/Lab_Fellous/RawData_RatExploration/Exploration_Ratzo/RawData/122820A,288,20201228,101252,28-Dec-2020 10:12:52,ee_alterhb,1
3,6,4,6,NaN,1,1,1,0,0,0,0,0,0,6,6,6,6,6,6,6,6,6,1,0,1,4,1,0,5,3,4,100,100,Game1,20201228,130852,0,122820,Ratzo ,/Users/wang/WANG/Lab/Lab_Fellous/RawData_RatExploration/Exploration_Ratzo/RawData/122820B,117,20201228,130852,28-Dec-2020 13:08:52,ee_alterhb,1
3,6,2,8,NaN,1,1,1,0,0,0,0,0,0,2,2,2,8,8,8,2,8,8,2,5,2,1,0,2,4,2,5,100,100,Game1,20201228,130852,0,122820,Ratzo ,/Users/wang/WANG/Lab/Lab_Fellous/RawData_RatExploration/Exploration_Ratzo/RawData/122820B,117,20201228,130852,28-Dec-2020 13:08:52,ee_alterhb,2
3,6,4,6,NaN,1,1,1,0,0,0,0,0,0,4,4,4,6,6,6,6,6,6,4,5,3,0,1,2,3,1,0,100,100,Game1,20201228,130852,0,122820,Ratzo ,/Users/wang/WANG/Lab/Lab_Fellous/RawData_RatExploration/Exploration_Ratzo/RawData/122820B,117,20201228,130852,28-Dec-2020 13:08:52,ee_alterhb,1
3,6,2,8,NaN,1,1,1,0,0,0,0,0,0,2,2,2,2,2,2,8,2,2,5,4,5,5,5,4,1,4,1,100,100,Game1,20201228,130852,0,122820,Ratzo ,/Users/wang/WANG/Lab/Lab_Fellous/RawData_RatExploration/Exploration_Ratzo/RawData/122820B,117,20201228,130852,28-Dec-2020 13:08:52,ee_alterhb,2
3,6,4,6,NaN,1,1,1,0,0,0,0,0,0,6,6,6,6,4,6,6,6,6,5,1,2,1,2,3,0,2,0,100,100,Game1,20201228,130852,0,122820,Ratzo ,/Users/wang/WANG/Lab/Lab_Fellous/RawData_RatExploration/Exploration_Ratzo/RawData/122820B,117,20201228,130852,28-Dec-2020 13:08:52,ee_alterhb,1
3,6,2,8,NaN,1,1,1,0,0,0,0,0,0,8,8,8,2,2,8,2,2,8,5,1,1,3,2,0,0,2,2,100,100,Game1,20201228,130852,0,122820,Ratzo ,/Users/wang/WANG/Lab/Lab_Fellous/RawData_RatExploration/Exploration_Ratzo/RawData/122820B,117,20201228,130852,28-Dec-2020 13:08:52,ee_alterhb,2
3,6,4,6,NaN,1,1,1,0,0,0,0,0,0,4,4,4,6,6,6,6,6,4,2,0,2,2,4,5,1,0,3,100,100,Game1,20201229,144040,0,122920,Ratzo ,/Users/wang/WANG/Lab/Lab_Fellous/RawData_RatExploration/Exploration_Ratzo/RawData/122920 ,307,20201229,144040,29-Dec-2020 14:40:40,ee_alterhb,1
3,6,2,8,NaN,1,1,1,0,0,0,0,0,0,2,2,2,8,8,8,8,8,2,3,2,2,4,5,3,1,1,4,100,100,Game1,20201229,144040,0,122920,Ratzo ,/Users/wang/WANG/Lab/Lab_Fellous/RawData_RatExploration/Exploration_Ratzo/RawData/122920 ,307,20201229,144040,29-Dec-2020 14:40:40,ee_alterhb,2
3,6,4,6,NaN,1,1,1,0,0,0,0,0,0,6,6,6,6,6,4,4,6,6,1,3,5,4,0,2,5,0,5,100,100,Game1,20201229,144040,0,122920,Ratzo ,/Users/wang/WANG/Lab/Lab_Fellous/RawData_RatExploration/Exploration_Ratzo/RawData/122920 ,307,20201229,144040,29-Dec-2020 14:40:40,ee_alterhb,1
3,6,2,8,NaN,1,1,1,0,0,0,0,0,0,2,2,2,8,8,8,8,8,8,2,0,5,2,1,1,2,2,0,100,100,Game1,20201229,144040,0,122920,Ratzo ,/Users/wang/WANG/Lab/Lab_Fellous/RawData_RatExploration/Exploration_Ratzo/RawData/122920 ,307,20201229,144040,29-Dec-2020 14:40:40,ee_alterhb,2
3,6,4,6,NaN,1,1,1,0,0,0,0,0,0,4,4,4,6,6,6,6,6,4,4,2,4,5,4,4,1,0,3,100,100,Game1,20201229,144040,0,122920,Ratzo ,/Users/wang/WANG/Lab/Lab_Fellous/RawData_RatExploration/Exploration_Ratzo/RawData/122920 ,307,20201229,144040,29-Dec-2020 14:40:40,ee_alterhb,1
3,6,2,8,NaN,1,1,1,0,0,0,0,0,0,2,2,2,8,8,2,8,8,2,4,2,2,0,1,3,2,3,1,100,100,Game1,20201229,144040,0,122920,Ratzo ,/Users/wang/WANG/Lab/Lab_Fellous/RawData_RatExploration/Exploration_Ratzo/RawData/122920 ,307,20201229,144040,29-Dec-2020 14:40:40,ee_alterhb,2
3,6,4,6,NaN,1,1,1,0,0,0,0,0,0,4,4,4,6,6,4,4,4,6,4,2,1,1,0,0,3,4,0,100,100,Game1,20201229,144040,0,122920,Ratzo ,/Users/wang/WANG/Lab/Lab_Fellous/RawData_RatExploration/Exploration_Ratzo/RawData/122920 ,307,20201229,144040,29-Dec-2020 14:40:40,ee_alterhb,1
3,6,2,8,NaN,1,1,1,0,0,0,0,0,0,8,8,8,2,2,2,2,8,8,4,0,0,0,4,0,4,4,1,100,100,Game1,20201229,144040,0,122920,Ratzo ,/Users/wang/WANG/Lab/Lab_Fellous/RawData_RatExploration/Exploration_Ratzo/RawData/122920 ,307,20201229,144040,29-Dec-2020 14:40:40,ee_alterhb,2
3,6,4,6,NaN,1,1,1,0,0,0,0,0,0,4,4,4,6,6,6,6,6,6,1,1,1,0,4,4,3,4,1,100,100,Game1,20201229,144040,0,122920,Ratzo ,/Users/wang/WANG/Lab/Lab_Fellous/RawData_RatExploration/Exploration_Ratzo/RawData/122920 ,307,20201229,144040,29-Dec-2020 14:40:40,ee_alterhb,1
3,6,2,8,NaN,1,1,1,0,0,0,0,0,0,2,2,2,8,8,8,8,8,8,0,4,2,5,2,5,1,0,1,100,100,Game1,20201229,144040,0,122920,Ratzo ,/Users/wang/WANG/Lab/Lab_Fellous/RawData_RatExploration/Exploration_Ratzo/RawData/122920 ,307,20201229,144040,29-Dec-2020 14:40:40,ee_alterhb,2
3,6,4,6,NaN,1,1,1,0,0,0,0,0,0,6,6,6,6,6,6,6,6,6,5,5,0,4,5,3,1,1,0,100,100,Game1,20201229,144040,0,122920,Ratzo ,/Users/wang/WANG/Lab/Lab_Fellous/RawData_RatExploration/Exploration_Ratzo/RawData/122920 ,307,20201229,144040,29-Dec-2020 14:40:40,ee_alterhb,1
3,6,2,8,NaN,1,1,1,0,0,0,0,0,0,8,8,8,8,8,8,8,8,8,1,3,1,3,4,5,1,4,1,100,100,Game1,20201229,144040,0,122920,Ratzo ,/Users/wang/WANG/Lab/Lab_Fellous/RawData_RatExploration/Exploration_Ratzo/RawData/122920 ,307,20201229,144040,29-Dec-2020 14:40:40,ee_alterhb,2
3,6,4,6,NaN,1,1,1,0,0,0,0,0,0,4,4,4,6,6,6,6,6,6,5,2,4,3,3,1,4,4,0,100,100,Game1,20201229,144040,0,122920,Ratzo ,/Users/wang/WANG/Lab/Lab_Fellous/RawData_RatExploration/Exploration_Ratzo/RawData/122920 ,307,20201229,144040,29-Dec-2020 14:40:40,ee_alterhb,1
3,6,2,8,NaN,1,1,1,0,0,0,0,0,0,8,8,8,8,8,8,8,8,8,5,2,5,5,4,2,2,0,0,100,100,Game1,20201229,144040,0,122920,Ratzo ,/Users/wang/WANG/Lab/Lab_Fellous/RawData_RatExploration/Exploration_Ratzo/RawData/122920 ,307,20201229,144040,29-Dec-2020 14:40:40,ee_alterhb,2
3,6,4,6,NaN,1,1,1,0,0,0,0,0,0,6,6,6,6,6,6,6,6,6,3,5,2,1,5,3,5,4,2,100,100,Game1,20201229,144040,0,122920,Ratzo ,/Users/wang/WANG/Lab/Lab_Fellous/RawData_RatExploration/Exploration_Ratzo/RawData/122920 ,307,20201229,144040,29-Dec-2020 14:40:40,ee_alterhb,1
3,6,2,8,NaN,1,1,1,0,0,0,0,0,0,2,2,2,8,8,2,8,8,8,2,1,1,5,4,0,5,4,5,100,100,Game1,20201229,144040,0,122920,Ratzo ,/Users/wang/WANG/Lab/Lab_Fellous/RawData_RatExploration/Exploration_Ratzo/RawData/122920 ,307,20201229,144040,29-Dec-2020 14:40:40,ee_alterhb,2
3,6,4,6,NaN,1,1,1,0,0,0,0,0,0,4,4,4,6,6,6,6,6,6,2,1,1,5,0,0,2,5,4,100,100,Game1,20201230,101247,0,123020,Ratzo ,/Users/wang/WANG/Lab/Lab_Fellous/RawData_RatExploration/Exploration_Ratzo/RawData/123020 ,272,20201230,101247,30-Dec-2020 10:12:47,ee_alterhb,1
3,6,2,8,NaN,1,1,1,0,0,0,0,0,0,2,2,2,8,8,2,2,8,8,5,0,2,4,3,1,3,0,1,100,100,Game1,20201230,101247,0,123020,Ratzo ,/Users/wang/WANG/Lab/Lab_Fellous/RawData_RatExploration/Exploration_Ratzo/RawData/123020 ,272,20201230,101247,30-Dec-2020 10:12:47,ee_alterhb,2
3,6,4,6,NaN,1,1,1,0,0,0,0,0,0,4,4,4,6,6,6,6,6,4,4,5,0,1,4,5,2,4,0,100,100,Game1,20201230,101247,0,123020,Ratzo ,/Users/wang/WANG/Lab/Lab_Fellous/RawData_RatExploration/Exploration_Ratzo/RawData/123020 ,272,20201230,101247,30-Dec-2020 10:12:47,ee_alterhb,1
3,6,2,8,NaN,1,1,1,0,0,0,0,0,0,2,2,2,8,8,8,8,8,2,5,5,5,0,2,1,3,0,0,100,100,Game1,20201230,101247,0,123020,Ratzo ,/Users/wang/WANG/Lab/Lab_Fellous/RawData_RatExploration/Exploration_Ratzo/RawData/123020 ,272,20201230,101247,30-Dec-2020 10:12:47,ee_alterhb,2
3,6,4,6,NaN,1,1,1,0,0,0,0,0,0,6,6,6,6,6,6,6,6,6,0,2,4,2,3,3,3,0,4,100,100,Game1,20201230,101247,0,123020,Ratzo ,/Users/wang/WANG/Lab/Lab_Fellous/RawData_RatExploration/Exploration_Ratzo/RawData/123020 ,272,20201230,101247,30-Dec-2020 10:12:47,ee_alterhb,1
3,6,2,8,NaN,1,1,1,0,0,0,0,0,0,8,8,8,2,2,8,8,8,8,1,0,1,5,4,5,2,0,1,100,100,Game1,20201230,101247,0,123020,Ratzo ,/Users/wang/WANG/Lab/Lab_Fellous/RawData_RatExploration/Exploration_Ratzo/RawData/123020 ,272,20201230,101247,30-Dec-2020 10:12:47,ee_alterhb,2
3,6,4,6,NaN,1,1,1,0,0,0,0,0,0,4,4,4,6,6,6,6,6,6,4,3,0,0,4,5,2,2,5,100,100,Game1,20201230,101247,0,123020,Ratzo ,/Users/wang/WANG/Lab/Lab_Fellous/RawData_RatExploration/Exploration_Ratzo/RawData/123020 ,272,20201230,101247,30-Dec-2020 10:12:47,ee_alterhb,1
3,6,2,8,NaN,1,1,1,0,0,0,0,0,0,2,2,2,8,8,8,8,8,8,4,2,5,5,3,5,0,3,2,100,100,Game1,20201230,101247,0,123020,Ratzo ,/Users/wang/WANG/Lab/Lab_Fellous/RawData_RatExploration/Exploration_Ratzo/RawData/123020 ,272,20201230,101247,30-Dec-2020 10:12:47,ee_alterhb,2
3,6,4,6,NaN,1,1,1,0,0,0,0,0,0,4,4,4,6,6,6,6,6,6,0,4,4,1,5,4,5,5,0,100,100,Game1,20201230,101247,0,123020,Ratzo ,/Users/wang/WANG/Lab/Lab_Fellous/RawData_RatExploration/Exploration_Ratzo/RawData/123020 ,272,20201230,101247,30-Dec-2020 10:12:47,ee_alterhb,1
3,6,2,8,NaN,1,1,1,0,0,0,0,0,0,8,8,8,8,2,8,8,8,8,3,1,5,1,3,2,0,1,0,100,100,Game1,20201230,101247,0,123020,Ratzo ,/Users/wang/WANG/Lab/Lab_Fellous/RawData_RatExploration/Exploration_Ratzo/RawData/123020 ,272,20201230,101247,30-Dec-2020 10:12:47,ee_alterhb,2
3,6,4,6,NaN,1,1,1,0,0,0,0,0,0,6,6,6,6,6,6,6,6,6,0,5,0,5,2,2,1,2,4,100,100,Game1,20201230,101247,0,123020,Ratzo ,/Users/wang/WANG/Lab/Lab_Fellous/RawData_RatExploration/Exploration_Ratzo/RawData/123020 ,272,20201230,101247,30-Dec-2020 10:12:47,ee_alterhb,1
3,6,2,8,NaN,1,1,1,0,0,0,0,0,0,2,2,2,8,8,8,8,8,8,5,1,3,3,5,1,5,0,5,100,100,Game1,20201230,101247,0,123020,Ratzo ,/Users/wang/WANG/Lab/Lab_Fellous/RawData_RatExploration/Exploration_Ratzo/RawData/123020 ,272,20201230,101247,30-Dec-2020 10:12:47,ee_alterhb,2
3,6,4,6,NaN,1,1,1,0,0,0,0,0,0,4,4,4,6,6,6,6,6,6,2,5,4,0,2,4,3,5,2,100,100,Game1,20201230,101247,0,123020,Ratzo ,/Users/wang/WANG/Lab/Lab_Fellous/RawData_RatExploration/Exploration_Ratzo/RawData/123020 ,272,20201230,101247,30-Dec-2020 10:12:47,ee_alterhb,1
3,6,2,8,NaN,1,1,1,0,0,0,0,0,0,2,2,2,8,8,8,8,8,8,3,5,3,5,1,0,2,0,1,100,100,Game1,20201230,101247,0,123020,Ratzo ,/Users/wang/WANG/Lab/Lab_Fellous/RawData_RatExploration/Exploration_Ratzo/RawData/123020 ,272,20201230,101247,30-Dec-2020 10:12:47,ee_alterhb,2
3,6,4,6,NaN,1,1,1,0,0,0,0,0,0,4,4,4,4,4,4,4,4,6,2,4,5,0,5,4,4,2,3,100,100,Game1,20201220,110212,0,122020,Rizzo ,/Users/wang/WANG/Lab/Lab_Fellous/RawData_RatExploration/Exploration_Rizzo/RawData/122020 ,382,20201220,110212,20-Dec-2020 11:02:12,ee_alterhb,1
3,6,2,8,NaN,1,1,1,0,0,0,0,0,0,2,2,2,2,2,8,2,2,2,1,0,4,4,1,1,3,5,3,100,100,Game1,20201220,110212,0,122020,Rizzo ,/Users/wang/WANG/Lab/Lab_Fellous/RawData_RatExploration/Exploration_Rizzo/RawData/122020 ,382,20201220,110212,20-Dec-2020 11:02:12,ee_alterhb,2
3,6,4,6,NaN,1,1,1,0,0,0,0,0,0,4,4,4,4,4,4,6,4,4,4,5,5,3,1,0,0,1,5,100,100,Game1,20201220,110212,0,122020,Rizzo ,/Users/wang/WANG/Lab/Lab_Fellous/RawData_RatExploration/Exploration_Rizzo/RawData/122020 ,382,20201220,110212,20-Dec-2020 11:02:12,ee_alterhb,1
3,6,2,8,NaN,1,1,1,0,0,0,0,0,0,8,8,8,2,2,8,8,2,8,1,3,2,5,1,5,0,2,4,100,100,Game1,20201220,110212,0,122020,Rizzo ,/Users/wang/WANG/Lab/Lab_Fellous/RawData_RatExploration/Exploration_Rizzo/RawData/122020 ,382,20201220,110212,20-Dec-2020 11:02:12,ee_alterhb,2
3,6,4,6,NaN,1,1,1,0,0,0,0,0,0,6,6,6,6,6,6,4,4,6,2,1,2,5,5,0,3,1,0,100,100,Game1,20201220,110212,0,122020,Rizzo ,/Users/wang/WANG/Lab/Lab_Fellous/RawData_RatExploration/Exploration_Rizzo/RawData/122020 ,382,20201220,110212,20-Dec-2020 11:02:12,ee_alterhb,1
3,6,2,8,NaN,1,1,1,0,0,0,0,0,0,8,8,8,2,2,2,2,2,8,3,2,0,5,1,4,2,4,5,100,100,Game1,20201220,110212,0,122020,Rizzo ,/Users/wang/WANG/Lab/Lab_Fellous/RawData_RatExploration/Exploration_Rizzo/RawData/122020 ,382,20201220,110212,20-Dec-2020 11:02:12,ee_alterhb,2
3,6,4,6,NaN,1,1,1,0,0,0,0,0,0,6,6,6,4,4,6,6,4,4,3,3,0,5,1,2,0,2,3,100,100,Game1,20201220,110212,0,122020,Rizzo ,/Users/wang/WANG/Lab/Lab_Fellous/RawData_RatExploration/Exploration_Rizzo/RawData/122020 ,382,20201220,110212,20-Dec-2020 11:02:12,ee_alterhb,1
3,6,2,8,NaN,1,1,1,0,0,0,0,0,0,8,8,8,8,2,2,8,2,8,0,4,2,2,1,2,1,3,5,100,100,Game1,20201220,110212,0,122020,Rizzo ,/Users/wang/WANG/Lab/Lab_Fellous/RawData_RatExploration/Exploration_Rizzo/RawData/122020 ,382,20201220,110212,20-Dec-2020 11:02:12,ee_alterhb,2
3,6,4,6,NaN,1,1,1,0,0,0,0,0,0,6,6,6,6,4,4,4,4,6,1,1,5,0,4,2,4,0,3,100,100,Game1,20201220,110212,0,122020,Rizzo ,/Users/wang/WANG/Lab/Lab_Fellous/RawData_RatExploration/Exploration_Rizzo/RawData/122020 ,382,20201220,110212,20-Dec-2020 11:02:12,ee_alterhb,1
3,6,2,8,NaN,1,1,1,0,0,0,0,0,0,2,2,2,2,2,8,2,2,8,0,1,4,5,0,1,2,2,0,100,100,Game1,20201220,110212,0,122020,Rizzo ,/Users/wang/WANG/Lab/Lab_Fellous/RawData_RatExploration/Exploration_Rizzo/RawData/122020 ,382,20201220,110212,20-Dec-2020 11:02:12,ee_alterhb,2
3,6,4,6,NaN,1,1,1,0,0,0,0,0,0,6,6,6,6,6,6,6,6,4,1,5,0,4,1,4,0,2,4,100,100,Game1,20201220,110212,0,122020,Rizzo ,/Users/wang/WANG/Lab/Lab_Fellous/RawData_RatExploration/Exploration_Rizzo/RawData/122020 ,382,20201220,110212,20-Dec-2020 11:02:12,ee_alterhb,1
3,6,2,8,NaN,1,1,1,0,0,0,0,0,0,8,8,8,2,8,8,8,2,8,0,5,0,0,5,1,0,5,4,100,100,Game1,20201220,110212,0,122020,Rizzo ,/Users/wang/WANG/Lab/Lab_Fellous/RawData_RatExploration/Exploration_Rizzo/RawData/122020 ,382,20201220,110212,20-Dec-2020 11:02:12,ee_alterhb,2
3,6,4,6,NaN,1,1,1,0,0,0,0,0,0,6,6,6,4,4,4,6,6,4,2,1,0,5,5,0,0,1,0,100,100,Game1,20201220,110212,0,122020,Rizzo ,/Users/wang/WANG/Lab/Lab_Fellous/RawData_RatExploration/Exploration_Rizzo/RawData/122020 ,382,20201220,110212,20-Dec-2020 11:02:12,ee_alterhb,1
3,6,2,8,NaN,1,1,1,0,0,0,0,0,0,8,8,8,8,8,8,2,8,8,5,1,1,5,4,2,0,2,4,100,100,Game1,20201220,110212,0,122020,Rizzo ,/Users/wang/WANG/Lab/Lab_Fellous/RawData_RatExploration/Exploration_Rizzo/RawData/122020 ,382,20201220,110212,20-Dec-2020 11:02:12,ee_alterhb,2
3,6,4,6,NaN,1,1,1,0,0,0,0,0,0,6,6,6,4,4,4,6,6,6,3,1,0,3,4,5,4,3,5,100,100,Game1,20201220,110212,0,122020,Rizzo ,/Users/wang/WANG/Lab/Lab_Fellous/RawData_RatExploration/Exploration_Rizzo/RawData/122020 ,382,20201220,110212,20-Dec-2020 11:02:12,ee_alterhb,1
3,6,2,8,NaN,1,1,1,0,0,0,0,0,0,8,8,8,8,8,8,8,8,8,4,5,1,2,2,2,3,3,0,100,100,Game1,20201220,110212,0,122020,Rizzo ,/Users/wang/WANG/Lab/Lab_Fellous/RawData_RatExploration/Exploration_Rizzo/RawData/122020 ,382,20201220,110212,20-Dec-2020 11:02:12,ee_alterhb,2
3,6,4,6,NaN,1,1,1,0,0,0,0,0,0,4,4,4,6,6,4,4,6,4,3,1,1,0,1,2,2,4,1,100,100,Game1,20201220,110212,0,122020,Rizzo ,/Users/wang/WANG/Lab/Lab_Fellous/RawData_RatExploration/Exploration_Rizzo/RawData/122020 ,382,20201220,110212,20-Dec-2020 11:02:12,ee_alterhb,1
3,6,2,8,NaN,1,1,1,0,0,0,0,0,0,2,2,2,8,8,2,8,8,8,2,5,4,4,5,5,2,5,3,100,100,Game1,20201220,110212,0,122020,Rizzo ,/Users/wang/WANG/Lab/Lab_Fellous/RawData_RatExploration/Exploration_Rizzo/RawData/122020 ,382,20201220,110212,20-Dec-2020 11:02:12,ee_alterhb,2
3,6,4,6,NaN,1,1,1,0,0,0,0,0,0,4,4,4,6,4,4,4,4,4,0,0,3,1,0,0,4,5,0,100,100,Game1,20201220,110212,0,122020,Rizzo ,/Users/wang/WANG/Lab/Lab_Fellous/RawData_RatExploration/Exploration_Rizzo/RawData/122020 ,382,20201220,110212,20-Dec-2020 11:02:12,ee_alterhb,1
3,6,2,8,NaN,1,1,1,0,0,0,0,0,0,8,8,8,2,8,8,8,8,8,4,5,2,2,5,3,3,0,4,100,100,Game1,20201220,110212,0,122020,Rizzo ,/Users/wang/WANG/Lab/Lab_Fellous/RawData_RatExploration/Exploration_Rizzo/RawData/122020 ,382,20201220,110212,20-Dec-2020 11:02:12,ee_alterhb,2
3,6,4,6,NaN,1,1,1,0,0,0,0,0,0,4,4,4,4,6,6,6,6,6,4,1,4,0,3,3,3,2,3,100,100,Game1,20201221,105825,0,122120,Rizzo ,/Users/wang/WANG/Lab/Lab_Fellous/RawData_RatExploration/Exploration_Rizzo/RawData/122120 ,421,20201221,105825,21-Dec-2020 10:58:25,ee_alterhb,1
3,6,2,8,NaN,1,1,1,0,0,0,0,0,0,2,2,2,2,2,8,2,2,8,5,5,5,5,2,3,2,5,0,100,100,Game1,20201221,105825,0,122120,Rizzo ,/Users/wang/WANG/Lab/Lab_Fellous/RawData_RatExploration/Exploration_Rizzo/RawData/122120 ,421,20201221,105825,21-Dec-2020 10:58:25,ee_alterhb,2
3,6,4,6,NaN,1,1,1,0,0,0,0,0,0,4,4,4,4,6,6,6,6,6,0,4,0,0,4,4,4,1,3,100,100,Game1,20201221,105825,0,122120,Rizzo ,/Users/wang/WANG/Lab/Lab_Fellous/RawData_RatExploration/Exploration_Rizzo/RawData/122120 ,421,20201221,105825,21-Dec-2020 10:58:25,ee_alterhb,1
3,6,2,8,NaN,1,1,1,0,0,0,0,0,0,2,2,2,2,2,8,8,8,8,5,5,0,2,3,3,1,5,3,100,100,Game1,20201221,105825,0,122120,Rizzo ,/Users/wang/WANG/Lab/Lab_Fellous/RawData_RatExploration/Exploration_Rizzo/RawData/122120 ,421,20201221,105825,21-Dec-2020 10:58:25,ee_alterhb,2
3,6,4,6,NaN,1,1,1,0,0,0,0,0,0,4,4,4,4,6,6,6,6,4,2,5,2,1,4,0,2,3,2,100,100,Game1,20201221,105825,0,122120,Rizzo ,/Users/wang/WANG/Lab/Lab_Fellous/RawData_RatExploration/Exploration_Rizzo/RawData/122120 ,421,20201221,105825,21-Dec-2020 10:58:25,ee_alterhb,1
3,6,2,8,NaN,1,1,1,0,0,0,0,0,0,2,2,2,8,2,2,8,2,8,0,0,2,2,4,2,2,0,5,100,100,Game1,20201221,105825,0,122120,Rizzo ,/Users/wang/WANG/Lab/Lab_Fellous/RawData_RatExploration/Exploration_Rizzo/RawData/122120 ,421,20201221,105825,21-Dec-2020 10:58:25,ee_alterhb,2
3,6,4,6,NaN,1,1,1,0,0,0,0,0,0,6,6,6,6,4,6,6,6,6,1,2,3,1,2,2,1,2,4,100,100,Game1,20201221,105825,0,122120,Rizzo ,/Users/wang/WANG/Lab/Lab_Fellous/RawData_RatExploration/Exploration_Rizzo/RawData/122120 ,421,20201221,105825,21-Dec-2020 10:58:25,ee_alterhb,1
3,6,2,8,NaN,1,1,1,0,0,0,0,0,0,2,2,2,8,2,2,2,8,2,1,2,4,1,4,4,1,0,3,100,100,Game1,20201221,105825,0,122120,Rizzo ,/Users/wang/WANG/Lab/Lab_Fellous/RawData_RatExploration/Exploration_Rizzo/RawData/122120 ,421,20201221,105825,21-Dec-2020 10:58:25,ee_alterhb,2
3,6,4,6,NaN,1,1,1,0,0,0,0,0,0,4,4,4,6,6,6,6,6,6,3,1,0,4,3,2,5,0,0,100,100,Game1,20201221,105825,0,122120,Rizzo ,/Users/wang/WANG/Lab/Lab_Fellous/RawData_RatExploration/Exploration_Rizzo/RawData/122120 ,421,20201221,105825,21-Dec-2020 10:58:25,ee_alterhb,1
3,6,2,8,NaN,1,1,1,0,0,0,0,0,0,2,2,2,2,8,8,2,8,2,0,1,4,4,5,0,1,5,5,100,100,Game1,20201221,105825,0,122120,Rizzo ,/Users/wang/WANG/Lab/Lab_Fellous/RawData_RatExploration/Exploration_Rizzo/RawData/122120 ,421,20201221,105825,21-Dec-2020 10:58:25,ee_alterhb,2
3,6,4,6,NaN,1,1,1,0,0,0,0,0,0,4,4,4,6,6,6,6,6,6,5,1,4,0,1,4,2,0,2,100,100,Game1,20201221,105825,0,122120,Rizzo ,/Users/wang/WANG/Lab/Lab_Fellous/RawData_RatExploration/Exploration_Rizzo/RawData/122120 ,421,20201221,105825,21-Dec-2020 10:58:25,ee_alterhb,1
3,6,2,8,NaN,1,1,1,0,0,0,0,0,0,8,8,8,2,8,8,8,2,8,4,5,0,2,4,2,3,1,0,100,100,Game1,20201221,105825,0,122120,Rizzo ,/Users/wang/WANG/Lab/Lab_Fellous/RawData_RatExploration/Exploration_Rizzo/RawData/122120 ,421,20201221,105825,21-Dec-2020 10:58:25,ee_alterhb,2
3,6,4,6,NaN,1,1,1,0,0,0,0,0,0,6,6,6,6,6,6,6,6,6,1,1,2,4,2,1,1,2,0,100,100,Game1,20201221,105825,0,122120,Rizzo ,/Users/wang/WANG/Lab/Lab_Fellous/RawData_RatExploration/Exploration_Rizzo/RawData/122120 ,421,20201221,105825,21-Dec-2020 10:58:25,ee_alterhb,1
3,6,2,8,NaN,1,1,1,0,0,0,0,0,0,2,2,2,2,8,8,8,8,8,0,4,3,0,3,4,0,3,0,100,100,Game1,20201221,105825,0,122120,Rizzo ,/Users/wang/WANG/Lab/Lab_Fellous/RawData_RatExploration/Exploration_Rizzo/RawData/122120 ,421,20201221,105825,21-Dec-2020 10:58:25,ee_alterhb,2
3,6,4,6,NaN,1,1,1,0,0,0,0,0,0,6,6,6,6,6,6,6,6,6,5,2,4,5,5,4,2,0,1,100,100,Game1,20201221,105825,0,122120,Rizzo ,/Users/wang/WANG/Lab/Lab_Fellous/RawData_RatExploration/Exploration_Rizzo/RawData/122120 ,421,20201221,105825,21-Dec-2020 10:58:25,ee_alterhb,1
3,6,2,8,NaN,1,1,1,0,0,0,0,0,0,2,2,2,8,8,8,8,8,8,1,4,0,5,5,2,0,2,5,100,100,Game1,20201221,105825,0,122120,Rizzo ,/Users/wang/WANG/Lab/Lab_Fellous/RawData_RatExploration/Exploration_Rizzo/RawData/122120 ,421,20201221,105825,21-Dec-2020 10:58:25,ee_alterhb,2
3,6,4,6,NaN,1,1,1,0,0,0,0,0,0,4,4,4,6,6,6,6,6,6,2,0,5,4,5,0,2,5,0,100,100,Game1,20201221,105825,0,122120,Rizzo ,/Users/wang/WANG/Lab/Lab_Fellous/RawData_RatExploration/Exploration_Rizzo/RawData/122120 ,421,20201221,105825,21-Dec-2020 10:58:25,ee_alterhb,1
3,6,2,8,NaN,1,1,1,0,0,0,0,0,0,8,8,8,2,8,8,8,8,2,5,2,0,2,4,5,5,1,3,100,100,Game1,20201221,105825,0,122120,Rizzo ,/Users/wang/WANG/Lab/Lab_Fellous/RawData_RatExploration/Exploration_Rizzo/RawData/122120 ,421,20201221,105825,21-Dec-2020 10:58:25,ee_alterhb,2
3,6,4,6,NaN,1,1,1,0,0,0,0,0,0,4,4,4,6,6,6,6,6,6,3,2,5,3,1,1,4,0,4,100,100,Game1,20201221,105825,0,122120,Rizzo ,/Users/wang/WANG/Lab/Lab_Fellous/RawData_RatExploration/Exploration_Rizzo/RawData/122120 ,421,20201221,105825,21-Dec-2020 10:58:25,ee_alterhb,1
3,6,2,8,NaN,1,1,1,0,0,0,0,0,0,2,2,2,2,8,8,8,8,8,3,2,5,3,1,4,3,1,3,100,100,Game1,20201221,105825,0,122120,Rizzo ,/Users/wang/WANG/Lab/Lab_Fellous/RawData_RatExploration/Exploration_Rizzo/RawData/122120 ,421,20201221,105825,21-Dec-2020 10:58:25,ee_alterhb,2
3,6,4,6,NaN,1,1,1,0,0,0,0,0,0,4,4,4,6,6,6,6,6,6,1,2,4,2,3,2,4,4,3,100,100,Game1,20201221,105825,0,122120,Rizzo ,/Users/wang/WANG/Lab/Lab_Fellous/RawData_RatExploration/Exploration_Rizzo/RawData/122120 ,421,20201221,105825,21-Dec-2020 10:58:25,ee_alterhb,1
3,6,2,8,NaN,1,1,1,0,0,0,0,0,0,8,8,8,2,2,2,8,8,8,0,3,0,5,2,5,5,0,2,100,100,Game1,20201221,105825,0,122120,Rizzo ,/Users/wang/WANG/Lab/Lab_Fellous/RawData_RatExploration/Exploration_Rizzo/RawData/122120 ,421,20201221,105825,21-Dec-2020 10:58:25,ee_alterhb,2
3,6,4,6,NaN,1,1,1,0,0,0,0,0,0,6,6,6,6,6,6,6,6,6,2,4,5,2,5,2,2,4,5,100,100,Game1,20201222,105707,0,122220,Rizzo ,/Users/wang/WANG/Lab/Lab_Fellous/RawData_RatExploration/Exploration_Rizzo/RawData/122220 ,383,20201222,105707,22-Dec-2020 10:57:07,ee_alterhb,1
3,6,2,8,NaN,1,1,1,0,0,0,0,0,0,8,8,8,8,8,2,8,8,2,4,3,1,2,1,0,4,3,4,100,100,Game1,20201222,105707,0,122220,Rizzo ,/Users/wang/WANG/Lab/Lab_Fellous/RawData_RatExploration/Exploration_Rizzo/RawData/122220 ,383,20201222,105707,22-Dec-2020 10:57:07,ee_alterhb,2
3,6,4,6,NaN,1,1,1,0,0,0,0,0,0,4,4,4,4,4,4,4,4,6,3,5,1,2,4,5,3,4,3,100,100,Game1,20201222,105707,0,122220,Rizzo ,/Users/wang/WANG/Lab/Lab_Fellous/RawData_RatExploration/Exploration_Rizzo/RawData/122220 ,383,20201222,105707,22-Dec-2020 10:57:07,ee_alterhb,1
3,6,2,8,NaN,1,1,1,0,0,0,0,0,0,8,8,8,8,8,8,8,8,2,2,5,3,5,1,5,4,4,2,100,100,Game1,20201222,105707,0,122220,Rizzo ,/Users/wang/WANG/Lab/Lab_Fellous/RawData_RatExploration/Exploration_Rizzo/RawData/122220 ,383,20201222,105707,22-Dec-2020 10:57:07,ee_alterhb,2
3,6,4,6,NaN,1,1,1,0,0,0,0,0,0,4,4,4,4,4,4,4,4,4,5,1,1,2,5,3,5,1,1,100,100,Game1,20201222,105707,0,122220,Rizzo ,/Users/wang/WANG/Lab/Lab_Fellous/RawData_RatExploration/Exploration_Rizzo/RawData/122220 ,383,20201222,105707,22-Dec-2020 10:57:07,ee_alterhb,1
3,6,2,8,NaN,1,1,1,0,0,0,0,0,0,2,2,2,2,8,8,8,8,8,4,4,0,2,0,3,3,2,0,100,100,Game1,20201222,105707,0,122220,Rizzo ,/Users/wang/WANG/Lab/Lab_Fellous/RawData_RatExploration/Exploration_Rizzo/RawData/122220 ,383,20201222,105707,22-Dec-2020 10:57:07,ee_alterhb,2
3,6,4,6,NaN,1,1,1,0,0,0,0,0,0,6,6,6,4,4,4,4,4,6,0,0,4,4,1,5,1,1,0,100,100,Game1,20201222,105707,0,122220,Rizzo ,/Users/wang/WANG/Lab/Lab_Fellous/RawData_RatExploration/Exploration_Rizzo/RawData/122220 ,383,20201222,105707,22-Dec-2020 10:57:07,ee_alterhb,1
3,6,2,8,NaN,1,1,1,0,0,0,0,0,0,8,8,8,2,2,2,2,2,2,2,3,2,4,5,2,3,4,3,100,100,Game1,20201222,105707,0,122220,Rizzo ,/Users/wang/WANG/Lab/Lab_Fellous/RawData_RatExploration/Exploration_Rizzo/RawData/122220 ,383,20201222,105707,22-Dec-2020 10:57:07,ee_alterhb,2
3,6,4,6,NaN,1,1,1,0,0,0,0,0,0,6,6,6,6,6,6,6,6,4,2,4,2,0,3,5,5,0,5,100,100,Game1,20201222,105707,0,122220,Rizzo ,/Users/wang/WANG/Lab/Lab_Fellous/RawData_RatExploration/Exploration_Rizzo/RawData/122220 ,383,20201222,105707,22-Dec-2020 10:57:07,ee_alterhb,1
3,6,2,8,NaN,1,1,1,0,0,0,0,0,0,2,2,2,2,8,8,8,8,8,2,0,2,1,3,2,3,4,2,100,100,Game1,20201222,105707,0,122220,Rizzo ,/Users/wang/WANG/Lab/Lab_Fellous/RawData_RatExploration/Exploration_Rizzo/RawData/122220 ,383,20201222,105707,22-Dec-2020 10:57:07,ee_alterhb,2
3,6,4,6,NaN,1,1,1,0,0,0,0,0,0,4,4,4,6,6,6,6,6,6,2,4,1,4,1,4,2,2,4,100,100,Game1,20201222,105707,0,122220,Rizzo ,/Users/wang/WANG/Lab/Lab_Fellous/RawData_RatExploration/Exploration_Rizzo/RawData/122220 ,383,20201222,105707,22-Dec-2020 10:57:07,ee_alterhb,1
3,6,2,8,NaN,1,1,1,0,0,0,0,0,0,2,2,2,2,2,8,8,2,8,0,2,2,3,1,5,5,4,0,100,100,Game1,20201222,105707,0,122220,Rizzo ,/Users/wang/WANG/Lab/Lab_Fellous/RawData_RatExploration/Exploration_Rizzo/RawData/122220 ,383,20201222,105707,22-Dec-2020 10:57:07,ee_alterhb,2
3,6,4,6,NaN,1,1,1,0,0,0,0,0,0,6,6,6,4,4,4,4,4,4,4,0,0,1,4,1,4,1,1,100,100,Game1,20201222,105707,0,122220,Rizzo ,/Users/wang/WANG/Lab/Lab_Fellous/RawData_RatExploration/Exploration_Rizzo/RawData/122220 ,383,20201222,105707,22-Dec-2020 10:57:07,ee_alterhb,1
3,6,2,8,NaN,1,1,1,0,0,0,0,0,0,8,8,8,8,2,2,2,2,2,4,3,3,3,4,2,1,1,2,100,100,Game1,20201222,105707,0,122220,Rizzo ,/Users/wang/WANG/Lab/Lab_Fellous/RawData_RatExploration/Exploration_Rizzo/RawData/122220 ,383,20201222,105707,22-Dec-2020 10:57:07,ee_alterhb,2
3,6,4,6,NaN,1,1,1,0,0,0,0,0,0,4,4,4,4,4,6,6,6,6,4,2,4,3,1,0,1,0,0,100,100,Game1,20201222,105707,0,122220,Rizzo ,/Users/wang/WANG/Lab/Lab_Fellous/RawData_RatExploration/Exploration_Rizzo/RawData/122220 ,383,20201222,105707,22-Dec-2020 10:57:07,ee_alterhb,1
3,6,2,8,NaN,1,1,1,0,0,0,0,0,0,8,8,8,2,2,2,8,2,8,3,5,2,4,2,2,5,5,3,100,100,Game1,20201222,105707,0,122220,Rizzo ,/Users/wang/WANG/Lab/Lab_Fellous/RawData_RatExploration/Exploration_Rizzo/RawData/122220 ,383,20201222,105707,22-Dec-2020 10:57:07,ee_alterhb,2
3,6,4,6,NaN,1,1,1,0,0,0,0,0,0,6,6,6,4,4,4,4,4,4,4,4,1,1,3,2,1,2,1,100,100,Game1,20201222,105707,0,122220,Rizzo ,/Users/wang/WANG/Lab/Lab_Fellous/RawData_RatExploration/Exploration_Rizzo/RawData/122220 ,383,20201222,105707,22-Dec-2020 10:57:07,ee_alterhb,1
3,6,2,8,NaN,1,1,1,0,0,0,0,0,0,8,8,8,2,2,8,8,8,8,4,0,1,2,4,1,4,5,4,100,100,Game1,20201222,105707,0,122220,Rizzo ,/Users/wang/WANG/Lab/Lab_Fellous/RawData_RatExploration/Exploration_Rizzo/RawData/122220 ,383,20201222,105707,22-Dec-2020 10:57:07,ee_alterhb,2
3,6,4,6,NaN,1,1,1,0,0,0,0,0,0,4,4,4,6,6,6,6,6,6,3,0,2,4,1,5,1,5,5,100,100,Game1,20201222,105707,0,122220,Rizzo ,/Users/wang/WANG/Lab/Lab_Fellous/RawData_RatExploration/Exploration_Rizzo/RawData/122220 ,383,20201222,105707,22-Dec-2020 10:57:07,ee_alterhb,1
3,6,2,8,NaN,1,1,1,0,0,0,0,0,0,8,8,8,2,8,8,8,8,8,1,1,3,2,1,2,3,5,2,100,100,Game1,20201222,105707,0,122220,Rizzo ,/Users/wang/WANG/Lab/Lab_Fellous/RawData_RatExploration/Exploration_Rizzo/RawData/122220 ,383,20201222,105707,22-Dec-2020 10:57:07,ee_alterhb,2
3,6,4,6,NaN,1,1,1,0,0,0,0,0,0,4,4,4,6,6,6,6,4,4,2,1,3,5,2,0,1,1,0,100,100,Game1,20210415,105426,0,41521,Twenty,/Users/wang/WANG/Lab/Lab_Fellous/RawData_RatExploration/Exploration_Twenty/RawData/041521,230,20210415,105426,15-Apr-2021 10:54:26,ee_alterhb,1
3,6,2,8,NaN,1,1,1,0,0,0,0,0,0,2,2,2,8,8,8,8,8,8,4,3,3,3,3,0,1,5,2,100,100,Game1,20210415,105426,0,41521,Twenty,/Users/wang/WANG/Lab/Lab_Fellous/RawData_RatExploration/Exploration_Twenty/RawData/041521,230,20210415,105426,15-Apr-2021 10:54:26,ee_alterhb,2
3,6,4,6,NaN,1,1,1,0,0,0,0,0,0,6,6,6,4,4,6,6,4,4,0,3,0,5,1,4,3,2,1,100,100,Game1,20210415,105426,0,41521,Twenty,/Users/wang/WANG/Lab/Lab_Fellous/RawData_RatExploration/Exploration_Twenty/RawData/041521,230,20210415,105426,15-Apr-2021 10:54:26,ee_alterhb,1
3,6,2,8,NaN,1,1,1,0,0,0,0,0,0,8,8,8,8,8,8,8,2,8,0,3,3,0,4,2,2,1,2,100,100,Game1,20210415,105426,0,41521,Twenty,/Users/wang/WANG/Lab/Lab_Fellous/RawData_RatExploration/Exploration_Twenty/RawData/041521,230,20210415,105426,15-Apr-2021 10:54:26,ee_alterhb,2
3,6,4,6,NaN,1,1,1,0,0,0,0,0,0,4,4,4,4,4,4,6,6,4,5,2,5,2,3,3,5,1,2,100,100,Game1,20210415,105426,0,41521,Twenty,/Users/wang/WANG/Lab/Lab_Fellous/RawData_RatExploration/Exploration_Twenty/RawData/041521,230,20210415,105426,15-Apr-2021 10:54:26,ee_alterhb,1
3,6,2,8,NaN,1,1,1,0,0,0,0,0,0,2,2,2,8,8,8,8,8,8,3,3,0,3,4,3,3,5,3,100,100,Game1,20210415,105426,0,41521,Twenty,/Users/wang/WANG/Lab/Lab_Fellous/RawData_RatExploration/Exploration_Twenty/RawData/041521,230,20210415,105426,15-Apr-2021 10:54:26,ee_alterhb,2
3,6,4,6,NaN,1,1,1,0,0,0,0,0,0,4,4,4,4,4,6,6,4,4,2,4,3,2,0,2,0,3,4,100,100,Game1,20210415,105426,0,41521,Twenty,/Users/wang/WANG/Lab/Lab_Fellous/RawData_RatExploration/Exploration_Twenty/RawData/041521,230,20210415,105426,15-Apr-2021 10:54:26,ee_alterhb,1
3,6,2,8,NaN,1,1,1,0,0,0,0,0,0,2,2,2,8,8,8,8,8,8,2,4,4,5,5,3,2,0,2,100,100,Game1,20210415,105426,0,41521,Twenty,/Users/wang/WANG/Lab/Lab_Fellous/RawData_RatExploration/Exploration_Twenty/RawData/041521,230,20210415,105426,15-Apr-2021 10:54:26,ee_alterhb,2
3,6,4,6,NaN,1,1,1,0,0,0,0,0,0,4,4,4,6,6,4,6,4,4,4,0,4,0,4,2,4,4,2,100,100,Game1,20210415,105426,0,41521,Twenty,/Users/wang/WANG/Lab/Lab_Fellous/RawData_RatExploration/Exploration_Twenty/RawData/041521,230,20210415,105426,15-Apr-2021 10:54:26,ee_alterhb,1
3,6,2,8,NaN,1,1,1,0,0,0,0,0,0,8,8,8,8,8,8,8,8,8,4,1,5,5,1,5,5,2,1,100,100,Game1,20210415,105426,0,41521,Twenty,/Users/wang/WANG/Lab/Lab_Fellous/RawData_RatExploration/Exploration_Twenty/RawData/041521,230,20210415,105426,15-Apr-2021 10:54:26,ee_alterhb,2
3,6,4,6,NaN,1,1,1,0,0,0,0,0,0,6,6,6,4,4,4,6,4,6,1,1,1,4,1,2,4,0,3,100,100,Game1,20210415,105426,0,41521,Twenty,/Users/wang/WANG/Lab/Lab_Fellous/RawData_RatExploration/Exploration_Twenty/RawData/041521,230,20210415,105426,15-Apr-2021 10:54:26,ee_alterhb,1
3,6,2,8,NaN,1,1,1,0,0,0,0,0,0,2,2,2,8,8,8,8,8,8,0,0,2,3,0,3,3,4,2,100,100,Game1,20210415,105426,0,41521,Twenty,/Users/wang/WANG/Lab/Lab_Fellous/RawData_RatExploration/Exploration_Twenty/RawData/041521,230,20210415,105426,15-Apr-2021 10:54:26,ee_alterhb,2
3,6,4,6,NaN,1,1,1,0,0,0,0,0,0,6,6,6,4,4,6,4,4,4,0,0,5,1,1,2,4,4,1,100,100,Game1,20210416,150244,0,41621,Twenty,/Users/wang/WANG/Lab/Lab_Fellous/RawData_RatExploration/Exploration_Twenty/RawData/041621,237,20210416,150244,16-Apr-2021 15:02:44,ee_alterhb,1
3,6,2,8,NaN,1,1,1,0,0,0,0,0,0,8,8,8,8,8,8,8,8,8,3,5,3,1,4,5,5,2,2,100,100,Game1,20210416,150244,0,41621,Twenty,/Users/wang/WANG/Lab/Lab_Fellous/RawData_RatExploration/Exploration_Twenty/RawData/041621,237,20210416,150244,16-Apr-2021 15:02:44,ee_alterhb,2
3,6,4,6,NaN,1,1,1,0,0,0,0,0,0,6,6,6,4,6,4,4,4,6,1,2,4,1,4,5,5,0,4,100,100,Game1,20210416,150244,0,41621,Twenty,/Users/wang/WANG/Lab/Lab_Fellous/RawData_RatExploration/Exploration_Twenty/RawData/041621,237,20210416,150244,16-Apr-2021 15:02:44,ee_alterhb,1
3,6,2,8,NaN,1,1,1,0,0,0,0,0,0,2,2,2,8,8,8,8,8,8,1,5,2,2,4,0,1,5,4,100,100,Game1,20210416,150244,0,41621,Twenty,/Users/wang/WANG/Lab/Lab_Fellous/RawData_RatExploration/Exploration_Twenty/RawData/041621,237,20210416,150244,16-Apr-2021 15:02:44,ee_alterhb,2
3,6,4,6,NaN,1,1,1,0,0,0,0,0,0,6,6,6,4,4,6,4,6,4,5,4,4,3,0,1,5,0,5,100,100,Game1,20210416,150244,0,41621,Twenty,/Users/wang/WANG/Lab/Lab_Fellous/RawData_RatExploration/Exploration_Twenty/RawData/041621,237,20210416,150244,16-Apr-2021 15:02:44,ee_alterhb,1
3,6,2,8,NaN,1,1,1,0,0,0,0,0,0,8,8,8,8,2,8,8,8,8,3,1,1,0,2,0,4,5,5,100,100,Game1,20210416,150244,0,41621,Twenty,/Users/wang/WANG/Lab/Lab_Fellous/RawData_RatExploration/Exploration_Twenty/RawData/041621,237,20210416,150244,16-Apr-2021 15:02:44,ee_alterhb,2
3,6,4,6,NaN,1,1,1,0,0,0,0,0,0,4,4,4,6,4,4,6,4,6,2,4,5,5,5,0,0,3,2,100,100,Game1,20210416,150244,0,41621,Twenty,/Users/wang/WANG/Lab/Lab_Fellous/RawData_RatExploration/Exploration_Twenty/RawData/041621,237,20210416,150244,16-Apr-2021 15:02:44,ee_alterhb,1
3,6,2,8,NaN,1,1,1,0,0,0,0,0,0,8,8,8,8,8,8,8,8,8,1,0,3,5,2,0,2,3,5,100,100,Game1,20210416,150244,0,41621,Twenty,/Users/wang/WANG/Lab/Lab_Fellous/RawData_RatExploration/Exploration_Twenty/RawData/041621,237,20210416,150244,16-Apr-2021 15:02:44,ee_alterhb,2
3,6,4,6,NaN,1,1,1,0,0,0,0,0,0,4,4,4,6,6,4,4,4,6,4,3,5,5,3,5,5,1,3,100,100,Game1,20210416,150244,0,41621,Twenty,/Users/wang/WANG/Lab/Lab_Fellous/RawData_RatExploration/Exploration_Twenty/RawData/041621,237,20210416,150244,16-Apr-2021 15:02:44,ee_alterhb,1
3,6,2,8,NaN,1,1,1,0,0,0,0,0,0,2,2,2,8,8,8,8,8,8,1,0,3,4,1,2,3,5,1,100,100,Game1,20210416,150244,0,41621,Twenty,/Users/wang/WANG/Lab/Lab_Fellous/RawData_RatExploration/Exploration_Twenty/RawData/041621,237,20210416,150244,16-Apr-2021 15:02:44,ee_alterhb,2
3,6,4,6,NaN,1,1,1,0,0,0,0,0,0,6,6,6,4,4,6,4,6,4,0,4,1,4,0,3,2,1,3,100,100,Game1,20210416,150244,0,41621,Twenty,/Users/wang/WANG/Lab/Lab_Fellous/RawData_RatExploration/Exploration_Twenty/RawData/041621,237,20210416,150244,16-Apr-2021 15:02:44,ee_alterhb,1
3,6,2,8,NaN,1,1,1,0,0,0,0,0,0,8,8,8,8,8,8,8,8,8,5,0,3,3,5,1,0,4,4,100,100,Game1,20210416,150244,0,41621,Twenty,/Users/wang/WANG/Lab/Lab_Fellous/RawData_RatExploration/Exploration_Twenty/RawData/041621,237,20210416,150244,16-Apr-2021 15:02:44,ee_alterhb,2
3,6,4,6,NaN,1,1,1,0,0,0,0,0,0,6,6,6,4,4,4,4,4,4,1,2,0,5,5,2,3,4,1,100,100,Game1,20210419,153834,0,41921,Twenty,/Users/wang/WANG/Lab/Lab_Fellous/RawData_RatExploration/Exploration_Twenty/RawData/041921,318,20210419,153834,19-Apr-2021 15:38:34,ee_alterhb,1
3,6,2,8,NaN,1,1,1,0,0,0,0,0,0,8,8,8,8,8,8,8,8,8,5,0,0,1,0,1,2,4,5,100,100,Game1,20210419,153834,0,41921,Twenty,/Users/wang/WANG/Lab/Lab_Fellous/RawData_RatExploration/Exploration_Twenty/RawData/041921,318,20210419,153834,19-Apr-2021 15:38:34,ee_alterhb,2
3,6,4,6,NaN,1,1,1,0,0,0,0,0,0,6,6,6,4,4,4,6,6,4,1,3,1,4,0,1,2,5,5,100,100,Game1,20210419,153834,0,41921,Twenty,/Users/wang/WANG/Lab/Lab_Fellous/RawData_RatExploration/Exploration_Twenty/RawData/041921,318,20210419,153834,19-Apr-2021 15:38:34,ee_alterhb,1
3,6,2,8,NaN,1,1,1,0,0,0,0,0,0,8,8,8,8,8,8,8,8,8,1,0,1,3,0,0,1,5,0,100,100,Game1,20210419,153834,0,41921,Twenty,/Users/wang/WANG/Lab/Lab_Fellous/RawData_RatExploration/Exploration_Twenty/RawData/041921,318,20210419,153834,19-Apr-2021 15:38:34,ee_alterhb,2
3,6,4,6,NaN,1,1,1,0,0,0,0,0,0,6,6,6,6,4,6,6,4,6,5,3,1,3,0,5,3,0,1,100,100,Game1,20210419,153834,0,41921,Twenty,/Users/wang/WANG/Lab/Lab_Fellous/RawData_RatExploration/Exploration_Twenty/RawData/041921,318,20210419,153834,19-Apr-2021 15:38:34,ee_alterhb,1
3,6,2,8,NaN,1,1,1,0,0,0,0,0,0,8,8,8,8,8,8,8,8,8,4,2,5,1,0,3,5,1,2,100,100,Game1,20210419,153834,0,41921,Twenty,/Users/wang/WANG/Lab/Lab_Fellous/RawData_RatExploration/Exploration_Twenty/RawData/041921,318,20210419,153834,19-Apr-2021 15:38:34,ee_alterhb,2
3,6,4,6,NaN,1,1,1,0,0,0,0,0,0,4,4,4,6,4,6,4,4,4,2,4,2,3,2,5,1,1,1,100,100,Game1,20210419,153834,0,41921,Twenty,/Users/wang/WANG/Lab/Lab_Fellous/RawData_RatExploration/Exploration_Twenty/RawData/041921,318,20210419,153834,19-Apr-2021 15:38:34,ee_alterhb,1
3,6,2,8,NaN,1,1,1,0,0,0,0,0,0,2,2,2,8,8,8,8,8,8,1,3,5,5,4,1,4,0,4,100,100,Game1,20210419,153834,0,41921,Twenty,/Users/wang/WANG/Lab/Lab_Fellous/RawData_RatExploration/Exploration_Twenty/RawData/041921,318,20210419,153834,19-Apr-2021 15:38:34,ee_alterhb,2
3,6,4,6,NaN,1,1,1,0,0,0,0,0,0,6,6,6,4,6,4,4,6,4,3,4,4,2,1,5,0,4,5,100,100,Game1,20210419,153834,0,41921,Twenty,/Users/wang/WANG/Lab/Lab_Fellous/RawData_RatExploration/Exploration_Twenty/RawData/041921,318,20210419,153834,19-Apr-2021 15:38:34,ee_alterhb,1
3,6,2,8,NaN,1,1,1,0,0,0,0,0,0,8,8,8,8,8,8,8,8,8,5,5,0,1,3,5,5,0,3,100,100,Game1,20210419,153834,0,41921,Twenty,/Users/wang/WANG/Lab/Lab_Fellous/RawData_RatExploration/Exploration_Twenty/RawData/041921,318,20210419,153834,19-Apr-2021 15:38:34,ee_alterhb,2
3,6,4,6,NaN,1,1,1,0,0,0,0,0,0,6,6,6,4,6,6,4,4,6,0,3,5,2,5,3,2,4,1,100,100,Game1,20210419,153834,0,41921,Twenty,/Users/wang/WANG/Lab/Lab_Fellous/RawData_RatExploration/Exploration_Twenty/RawData/041921,318,20210419,153834,19-Apr-2021 15:38:34,ee_alterhb,1
3,6,2,8,NaN,1,1,1,0,0,0,0,0,0,8,8,8,8,8,8,8,8,8,3,1,5,3,3,4,1,1,0,100,100,Game1,20210419,153834,0,41921,Twenty,/Users/wang/WANG/Lab/Lab_Fellous/RawData_RatExploration/Exploration_Twenty/RawData/041921,318,20210419,153834,19-Apr-2021 15:38:34,ee_alterhb,2
3,6,4,6,NaN,1,1,1,0,0,0,0,0,0,6,6,6,4,4,6,4,6,4,4,3,2,5,3,0,0,1,2,100,100,Game1,20210419,153834,0,41921,Twenty,/Users/wang/WANG/Lab/Lab_Fellous/RawData_RatExploration/Exploration_Twenty/RawData/041921,318,20210419,153834,19-Apr-2021 15:38:34,ee_alterhb,1
3,6,2,8,NaN,1,1,1,0,0,0,0,0,0,2,2,2,2,8,8,8,8,8,1,2,5,1,2,1,0,4,0,100,100,Game1,20210419,153834,0,41921,Twenty,/Users/wang/WANG/Lab/Lab_Fellous/RawData_RatExploration/Exploration_Twenty/RawData/041921,318,20210419,153834,19-Apr-2021 15:38:34,ee_alterhb,2
3,6,4,6,NaN,1,1,1,0,0,0,0,0,0,4,4,4,6,6,6,6,4,6,0,1,2,5,2,3,2,0,1,100,100,Game1,20210419,153834,0,41921,Twenty,/Users/wang/WANG/Lab/Lab_Fellous/RawData_RatExploration/Exploration_Twenty/RawData/041921,318,20210419,153834,19-Apr-2021 15:38:34,ee_alterhb,1
3,6,2,8,NaN,1,1,1,0,0,0,0,0,0,8,8,8,8,8,8,8,8,8,0,5,1,0,1,3,1,1,2,100,100,Game1,20210419,153834,0,41921,Twenty,/Users/wang/WANG/Lab/Lab_Fellous/RawData_RatExploration/Exploration_Twenty/RawData/041921,318,20210419,153834,19-Apr-2021 15:38:34,ee_alterhb,2
3,6,4,6,NaN,1,1,1,0,0,0,0,0,0,4,4,4,4,4,4,4,4,4,0,1,3,0,4,0,4,3,4,100,100,Game1,20210421,151841,0,42121,Twenty,/Users/wang/WANG/Lab/Lab_Fellous/RawData_RatExploration/Exploration_Twenty/RawData/042121,297,20210421,151841,21-Apr-2021 15:18:41,ee_alterhb,1
3,6,2,8,NaN,1,1,1,0,0,0,0,0,0,2,2,2,8,8,8,8,8,8,3,2,1,4,0,1,3,5,0,100,100,Game1,20210421,151841,0,42121,Twenty,/Users/wang/WANG/Lab/Lab_Fellous/RawData_RatExploration/Exploration_Twenty/RawData/042121,297,20210421,151841,21-Apr-2021 15:18:41,ee_alterhb,2
3,6,4,6,NaN,1,1,1,0,0,0,0,0,0,4,4,4,6,4,6,6,4,6,2,5,0,0,0,4,4,1,3,100,100,Game1,20210421,151841,0,42121,Twenty,/Users/wang/WANG/Lab/Lab_Fellous/RawData_RatExploration/Exploration_Twenty/RawData/042121,297,20210421,151841,21-Apr-2021 15:18:41,ee_alterhb,1
3,6,2,8,NaN,1,1,1,0,0,0,0,0,0,2,2,2,8,8,2,8,8,8,2,0,5,1,4,4,0,2,0,100,100,Game1,20210421,151841,0,42121,Twenty,/Users/wang/WANG/Lab/Lab_Fellous/RawData_RatExploration/Exploration_Twenty/RawData/042121,297,20210421,151841,21-Apr-2021 15:18:41,ee_alterhb,2
3,6,4,6,NaN,1,1,1,0,0,0,0,0,0,4,4,4,4,4,6,6,4,4,5,4,4,0,0,3,2,5,2,100,100,Game1,20210421,151841,0,42121,Twenty,/Users/wang/WANG/Lab/Lab_Fellous/RawData_RatExploration/Exploration_Twenty/RawData/042121,297,20210421,151841,21-Apr-2021 15:18:41,ee_alterhb,1
3,6,2,8,NaN,1,1,1,0,0,0,0,0,0,2,2,2,8,8,8,8,8,8,0,4,4,4,1,2,0,1,3,100,100,Game1,20210421,151841,0,42121,Twenty,/Users/wang/WANG/Lab/Lab_Fellous/RawData_RatExploration/Exploration_Twenty/RawData/042121,297,20210421,151841,21-Apr-2021 15:18:41,ee_alterhb,2
3,6,4,6,NaN,1,1,1,0,0,0,0,0,0,6,6,6,4,4,6,6,6,4,5,4,2,0,2,4,0,3,2,100,100,Game1,20210421,151841,0,42121,Twenty,/Users/wang/WANG/Lab/Lab_Fellous/RawData_RatExploration/Exploration_Twenty/RawData/042121,297,20210421,151841,21-Apr-2021 15:18:41,ee_alterhb,1
3,6,2,8,NaN,1,1,1,0,0,0,0,0,0,2,2,2,8,8,8,8,8,8,4,0,5,5,4,3,2,0,3,100,100,Game1,20210421,151841,0,42121,Twenty,/Users/wang/WANG/Lab/Lab_Fellous/RawData_RatExploration/Exploration_Twenty/RawData/042121,297,20210421,151841,21-Apr-2021 15:18:41,ee_alterhb,2
3,6,4,6,NaN,1,1,1,0,0,0,0,0,0,4,4,4,4,6,6,4,6,4,1,3,1,1,4,5,1,0,5,100,100,Game1,20210421,151841,0,42121,Twenty,/Users/wang/WANG/Lab/Lab_Fellous/RawData_RatExploration/Exploration_Twenty/RawData/042121,297,20210421,151841,21-Apr-2021 15:18:41,ee_alterhb,1
3,6,2,8,NaN,1,1,1,0,0,0,0,0,0,8,8,8,8,8,8,8,8,8,0,0,4,2,4,1,4,3,0,100,100,Game1,20210421,151841,0,42121,Twenty,/Users/wang/WANG/Lab/Lab_Fellous/RawData_RatExploration/Exploration_Twenty/RawData/042121,297,20210421,151841,21-Apr-2021 15:18:41,ee_alterhb,2
3,6,4,6,NaN,1,1,1,0,0,0,0,0,0,6,6,6,4,4,4,6,6,4,3,1,3,2,3,3,5,1,5,100,100,Game1,20210421,151841,0,42121,Twenty,/Users/wang/WANG/Lab/Lab_Fellous/RawData_RatExploration/Exploration_Twenty/RawData/042121,297,20210421,151841,21-Apr-2021 15:18:41,ee_alterhb,1
3,6,2,8,NaN,1,1,1,0,0,0,0,0,0,8,8,8,8,8,8,8,8,8,1,5,5,1,4,0,0,5,3,100,100,Game1,20210421,151841,0,42121,Twenty,/Users/wang/WANG/Lab/Lab_Fellous/RawData_RatExploration/Exploration_Twenty/RawData/042121,297,20210421,151841,21-Apr-2021 15:18:41,ee_alterhb,2
3,6,4,6,NaN,1,1,1,0,0,0,0,0,0,6,6,6,4,6,6,4,6,4,1,2,0,3,3,0,3,2,5,100,100,Game1,20210421,151841,0,42121,Twenty,/Users/wang/WANG/Lab/Lab_Fellous/RawData_RatExploration/Exploration_Twenty/RawData/042121,297,20210421,151841,21-Apr-2021 15:18:41,ee_alterhb,1
3,6,2,8,NaN,1,1,1,0,0,0,0,0,0,8,8,8,8,8,8,8,8,8,3,2,4,2,1,4,4,1,4,100,100,Game1,20210421,151841,0,42121,Twenty,/Users/wang/WANG/Lab/Lab_Fellous/RawData_RatExploration/Exploration_Twenty/RawData/042121,297,20210421,151841,21-Apr-2021 15:18:41,ee_alterhb,2
3,6,4,6,NaN,1,1,1,0,0,0,0,0,0,6,6,6,4,4,6,4,4,6,5,5,2,2,1,1,1,1,3,100,100,Game1,20210421,151841,0,42121,Twenty,/Users/wang/WANG/Lab/Lab_Fellous/RawData_RatExploration/Exploration_Twenty/RawData/042121,297,20210421,151841,21-Apr-2021 15:18:41,ee_alterhb,1
3,6,4,6,NaN,1,1,1,0,0,0,0,0,0,6,6,6,4,6,6,4,6,4,4,2,3,0,1,1,4,3,5,100,100,Game1,20210423,150100,0,42321,Twenty,/Users/wang/WANG/Lab/Lab_Fellous/RawData_RatExploration/Exploration_Twenty/RawData/042321,231,20210423,150100,23-Apr-2021 15:01:00,ee_alterhb,1
3,6,2,8,NaN,1,1,1,0,0,0,0,0,0,2,2,2,8,8,8,8,2,8,2,3,0,1,1,0,1,4,1,100,100,Game1,20210423,150100,0,42321,Twenty,/Users/wang/WANG/Lab/Lab_Fellous/RawData_RatExploration/Exploration_Twenty/RawData/042321,231,20210423,150100,23-Apr-2021 15:01:00,ee_alterhb,2
3,6,4,6,NaN,1,1,1,0,0,0,0,0,0,6,6,6,4,6,6,6,4,6,4,2,5,4,4,1,1,3,4,100,100,Game1,20210423,150100,0,42321,Twenty,/Users/wang/WANG/Lab/Lab_Fellous/RawData_RatExploration/Exploration_Twenty/RawData/042321,231,20210423,150100,23-Apr-2021 15:01:00,ee_alterhb,1
3,6,2,8,NaN,1,1,1,0,0,0,0,0,0,8,8,8,8,8,8,2,8,8,2,4,4,1,4,0,1,2,0,100,100,Game1,20210423,150100,0,42321,Twenty,/Users/wang/WANG/Lab/Lab_Fellous/RawData_RatExploration/Exploration_Twenty/RawData/042321,231,20210423,150100,23-Apr-2021 15:01:00,ee_alterhb,2
3,6,4,6,NaN,1,1,1,0,0,0,0,0,0,4,4,4,4,6,6,6,4,6,3,5,4,2,3,0,0,4,0,100,100,Game1,20210423,150100,0,42321,Twenty,/Users/wang/WANG/Lab/Lab_Fellous/RawData_RatExploration/Exploration_Twenty/RawData/042321,231,20210423,150100,23-Apr-2021 15:01:00,ee_alterhb,1
3,6,2,8,NaN,1,1,1,0,0,0,0,0,0,8,8,8,8,8,8,8,8,8,4,5,3,0,2,1,3,0,1,100,100,Game1,20210423,150100,0,42321,Twenty,/Users/wang/WANG/Lab/Lab_Fellous/RawData_RatExploration/Exploration_Twenty/RawData/042321,231,20210423,150100,23-Apr-2021 15:01:00,ee_alterhb,2
3,6,4,6,NaN,1,1,1,0,0,0,0,0,0,6,6,6,6,6,4,6,6,4,4,4,2,2,0,5,5,0,4,100,100,Game1,20210423,150100,0,42321,Twenty,/Users/wang/WANG/Lab/Lab_Fellous/RawData_RatExploration/Exploration_Twenty/RawData/042321,231,20210423,150100,23-Apr-2021 15:01:00,ee_alterhb,1
3,6,2,8,NaN,1,1,1,0,0,0,0,0,0,2,2,2,8,8,8,8,8,8,1,0,1,1,5,1,2,0,0,100,100,Game1,20210423,150100,0,42321,Twenty,/Users/wang/WANG/Lab/Lab_Fellous/RawData_RatExploration/Exploration_Twenty/RawData/042321,231,20210423,150100,23-Apr-2021 15:01:00,ee_alterhb,2
3,6,4,6,NaN,1,1,1,0,0,0,0,0,0,4,4,4,6,6,6,4,4,6,3,5,2,4,1,0,4,5,3,100,100,Game1,20210423,150100,0,42321,Twenty,/Users/wang/WANG/Lab/Lab_Fellous/RawData_RatExploration/Exploration_Twenty/RawData/042321,231,20210423,150100,23-Apr-2021 15:01:00,ee_alterhb,1
3,6,2,8,NaN,1,1,1,0,0,0,0,0,0,2,2,2,8,8,8,8,8,8,5,0,4,5,3,1,2,4,4,100,100,Game1,20210423,150100,0,42321,Twenty,/Users/wang/WANG/Lab/Lab_Fellous/RawData_RatExploration/Exploration_Twenty/RawData/042321,231,20210423,150100,23-Apr-2021 15:01:00,ee_alterhb,2
3,6,4,6,NaN,1,1,1,0,0,0,0,0,0,4,4,4,6,6,6,6,4,4,2,3,3,1,1,1,2,4,4,100,100,Game1,20210423,150100,0,42321,Twenty,/Users/wang/WANG/Lab/Lab_Fellous/RawData_RatExploration/Exploration_Twenty/RawData/042321,231,20210423,150100,23-Apr-2021 15:01:00,ee_alterhb,1
3,6,2,8,NaN,1,1,1,0,0,0,0,0,0,8,8,8,8,8,8,8,8,8,4,1,0,5,5,1,4,3,4,100,100,Game1,20210423,150100,0,42321,Twenty,/Users/wang/WANG/Lab/Lab_Fellous/RawData_RatExploration/Exploration_Twenty/RawData/042321,231,20210423,150100,23-Apr-2021 15:01:00,ee_alterhb,2
3,6,4,6,NaN,1,1,1,0,0,0,0,0,0,6,6,6,4,4,4,4,4,4,4,0,0,5,1,5,5,5,0,100,100,Game1,20210426,153652,0,42621,Twenty,/Users/wang/WANG/Lab/Lab_Fellous/RawData_RatExploration/Exploration_Twenty/RawData/042621,281,20210426,153652,26-Apr-2021 15:36:52,ee_alterhb,1
3,6,2,8,NaN,1,1,1,0,0,0,0,0,0,2,2,2,8,8,8,8,8,8,0,2,5,1,3,4,3,2,4,100,100,Game1,20210426,153652,0,42621,Twenty,/Users/wang/WANG/Lab/Lab_Fellous/RawData_RatExploration/Exploration_Twenty/RawData/042621,281,20210426,153652,26-Apr-2021 15:36:52,ee_alterhb,2
3,6,4,6,NaN,1,1,1,0,0,0,0,0,0,4,4,4,4,4,4,4,4,4,0,5,0,5,1,3,3,3,4,100,100,Game1,20210426,153652,0,42621,Twenty,/Users/wang/WANG/Lab/Lab_Fellous/RawData_RatExploration/Exploration_Twenty/RawData/042621,281,20210426,153652,26-Apr-2021 15:36:52,ee_alterhb,1
3,6,2,8,NaN,1,1,1,0,0,0,0,0,0,8,8,8,8,8,8,8,8,8,0,5,3,1,5,0,4,3,3,100,100,Game1,20210426,153652,0,42621,Twenty,/Users/wang/WANG/Lab/Lab_Fellous/RawData_RatExploration/Exploration_Twenty/RawData/042621,281,20210426,153652,26-Apr-2021 15:36:52,ee_alterhb,2
3,6,4,6,NaN,1,1,1,0,0,0,0,0,0,4,4,4,6,4,4,4,4,4,0,0,5,1,3,4,0,2,5,100,100,Game1,20210426,153652,0,42621,Twenty,/Users/wang/WANG/Lab/Lab_Fellous/RawData_RatExploration/Exploration_Twenty/RawData/042621,281,20210426,153652,26-Apr-2021 15:36:52,ee_alterhb,1
3,6,2,8,NaN,1,1,1,0,0,0,0,0,0,2,2,2,8,8,8,8,8,8,1,3,3,1,1,4,5,3,4,100,100,Game1,20210426,153652,0,42621,Twenty,/Users/wang/WANG/Lab/Lab_Fellous/RawData_RatExploration/Exploration_Twenty/RawData/042621,281,20210426,153652,26-Apr-2021 15:36:52,ee_alterhb,2
3,6,4,6,NaN,1,1,1,0,0,0,0,0,0,6,6,6,6,6,4,4,6,6,4,2,2,4,5,0,4,3,5,100,100,Game1,20210426,153652,0,42621,Twenty,/Users/wang/WANG/Lab/Lab_Fellous/RawData_RatExploration/Exploration_Twenty/RawData/042621,281,20210426,153652,26-Apr-2021 15:36:52,ee_alterhb,1
3,6,2,8,NaN,1,1,1,0,0,0,0,0,0,8,8,8,8,8,8,8,8,8,1,1,2,2,5,1,5,0,2,100,100,Game1,20210426,153652,0,42621,Twenty,/Users/wang/WANG/Lab/Lab_Fellous/RawData_RatExploration/Exploration_Twenty/RawData/042621,281,20210426,153652,26-Apr-2021 15:36:52,ee_alterhb,2
3,6,4,6,NaN,1,1,1,0,0,0,0,0,0,4,4,4,6,6,4,4,4,4,3,3,5,1,4,1,2,1,5,100,100,Game1,20210426,153652,0,42621,Twenty,/Users/wang/WANG/Lab/Lab_Fellous/RawData_RatExploration/Exploration_Twenty/RawData/042621,281,20210426,153652,26-Apr-2021 15:36:52,ee_alterhb,1
3,6,2,8,NaN,1,1,1,0,0,0,0,0,0,2,2,2,8,8,8,8,8,8,2,0,4,0,2,2,1,3,5,100,100,Game1,20210426,153652,0,42621,Twenty,/Users/wang/WANG/Lab/Lab_Fellous/RawData_RatExploration/Exploration_Twenty/RawData/042621,281,20210426,153652,26-Apr-2021 15:36:52,ee_alterhb,2
3,6,4,6,NaN,1,1,1,0,0,0,0,0,0,4,4,4,4,4,4,4,4,4,1,4,2,2,0,3,5,2,5,100,100,Game1,20210426,153652,0,42621,Twenty,/Users/wang/WANG/Lab/Lab_Fellous/RawData_RatExploration/Exploration_Twenty/RawData/042621,281,20210426,153652,26-Apr-2021 15:36:52,ee_alterhb,1
3,6,2,8,NaN,1,1,1,0,0,0,0,0,0,2,2,2,8,8,8,8,8,8,4,0,1,0,3,3,1,5,4,100,100,Game1,20210426,153652,0,42621,Twenty,/Users/wang/WANG/Lab/Lab_Fellous/RawData_RatExploration/Exploration_Twenty/RawData/042621,281,20210426,153652,26-Apr-2021 15:36:52,ee_alterhb,2
3,6,4,6,NaN,1,1,1,0,0,0,0,0,0,6,6,6,4,4,4,4,4,6,2,5,1,2,1,5,4,1,0,100,100,Game1,20210426,153652,0,42621,Twenty,/Users/wang/WANG/Lab/Lab_Fellous/RawData_RatExploration/Exploration_Twenty/RawData/042621,281,20210426,153652,26-Apr-2021 15:36:52,ee_alterhb,1
3,6,2,8,NaN,1,1,1,0,0,0,0,0,0,8,8,8,2,8,8,8,8,8,5,2,3,0,5,5,3,4,5,100,100,Game1,20210426,153652,0,42621,Twenty,/Users/wang/WANG/Lab/Lab_Fellous/RawData_RatExploration/Exploration_Twenty/RawData/042621,281,20210426,153652,26-Apr-2021 15:36:52,ee_alterhb,2
3,6,4,6,NaN,1,1,1,0,0,0,0,0,0,6,6,6,6,6,4,6,6,6,4,3,4,5,1,0,3,1,2,100,100,Game1,20210428,122717,0,42821,Twenty,/Users/wang/WANG/Lab/Lab_Fellous/RawData_RatExploration/Exploration_Twenty/RawData/042821,281,20210428,122717,28-Apr-2021 12:27:17,ee_alterhb,1
3,6,2,8,NaN,1,1,1,0,0,0,0,0,0,2,2,2,8,8,8,8,8,8,1,0,1,4,2,1,0,4,3,100,100,Game1,20210428,122717,0,42821,Twenty,/Users/wang/WANG/Lab/Lab_Fellous/RawData_RatExploration/Exploration_Twenty/RawData/042821,281,20210428,122717,28-Apr-2021 12:27:17,ee_alterhb,2
3,6,4,6,NaN,1,1,1,0,0,0,0,0,0,4,4,4,6,6,6,6,6,6,4,2,1,5,0,3,4,2,0,100,100,Game1,20210428,122717,0,42821,Twenty,/Users/wang/WANG/Lab/Lab_Fellous/RawData_RatExploration/Exploration_Twenty/RawData/042821,281,20210428,122717,28-Apr-2021 12:27:17,ee_alterhb,1
3,6,2,8,NaN,1,1,1,0,0,0,0,0,0,8,8,8,8,8,8,8,8,8,4,2,0,0,1,3,4,5,3,100,100,Game1,20210428,122717,0,42821,Twenty,/Users/wang/WANG/Lab/Lab_Fellous/RawData_RatExploration/Exploration_Twenty/RawData/042821,281,20210428,122717,28-Apr-2021 12:27:17,ee_alterhb,2
3,6,4,6,NaN,1,1,1,0,0,0,0,0,0,4,4,4,6,6,6,6,6,6,5,5,4,5,1,3,2,1,2,100,100,Game1,20210428,122717,0,42821,Twenty,/Users/wang/WANG/Lab/Lab_Fellous/RawData_RatExploration/Exploration_Twenty/RawData/042821,281,20210428,122717,28-Apr-2021 12:27:17,ee_alterhb,1
3,6,2,8,NaN,1,1,1,0,0,0,0,0,0,2,2,2,8,8,8,8,8,8,0,1,5,5,2,2,3,2,4,100,100,Game1,20210428,122717,0,42821,Twenty,/Users/wang/WANG/Lab/Lab_Fellous/RawData_RatExploration/Exploration_Twenty/RawData/042821,281,20210428,122717,28-Apr-2021 12:27:17,ee_alterhb,2
3,6,4,6,NaN,1,1,1,0,0,0,0,0,0,6,6,6,6,6,6,4,6,6,2,3,5,3,3,4,1,2,3,100,100,Game1,20210428,122717,0,42821,Twenty,/Users/wang/WANG/Lab/Lab_Fellous/RawData_RatExploration/Exploration_Twenty/RawData/042821,281,20210428,122717,28-Apr-2021 12:27:17,ee_alterhb,1
3,6,2,8,NaN,1,1,1,0,0,0,0,0,0,8,8,8,8,8,8,8,8,8,1,0,5,5,5,2,1,5,1,100,100,Game1,20210428,122717,0,42821,Twenty,/Users/wang/WANG/Lab/Lab_Fellous/RawData_RatExploration/Exploration_Twenty/RawData/042821,281,20210428,122717,28-Apr-2021 12:27:17,ee_alterhb,2
3,6,4,6,NaN,1,1,1,0,0,0,0,0,0,6,6,6,6,6,6,6,6,6,5,3,5,5,4,2,3,5,3,100,100,Game1,20210428,122717,0,42821,Twenty,/Users/wang/WANG/Lab/Lab_Fellous/RawData_RatExploration/Exploration_Twenty/RawData/042821,281,20210428,122717,28-Apr-2021 12:27:17,ee_alterhb,1
3,6,2,8,NaN,1,1,1,0,0,0,0,0,0,8,8,8,8,8,8,8,8,8,3,2,3,1,3,0,0,3,3,100,100,Game1,20210428,122717,0,42821,Twenty,/Users/wang/WANG/Lab/Lab_Fellous/RawData_RatExploration/Exploration_Twenty/RawData/042821,281,20210428,122717,28-Apr-2021 12:27:17,ee_alterhb,2
3,6,4,6,NaN,1,1,1,0,0,0,0,0,0,6,6,6,4,6,6,6,6,4,1,3,2,2,5,4,5,3,3,100,100,Game1,20210428,122717,0,42821,Twenty,/Users/wang/WANG/Lab/Lab_Fellous/RawData_RatExploration/Exploration_Twenty/RawData/042821,281,20210428,122717,28-Apr-2021 12:27:17,ee_alterhb,1
3,6,2,8,NaN,1,1,1,0,0,0,0,0,0,8,8,8,8,8,8,8,8,8,5,1,5,2,5,0,5,5,1,100,100,Game1,20210428,122717,0,42821,Twenty,/Users/wang/WANG/Lab/Lab_Fellous/RawData_RatExploration/Exploration_Twenty/RawData/042821,281,20210428,122717,28-Apr-2021 12:27:17,ee_alterhb,2
3,6,4,6,NaN,1,1,1,0,0,0,0,0,0,6,6,6,4,4,4,6,6,4,0,0,1,5,4,3,0,0,4,100,100,Game1,20210428,122717,0,42821,Twenty,/Users/wang/WANG/Lab/Lab_Fellous/RawData_RatExploration/Exploration_Twenty/RawData/042821,281,20210428,122717,28-Apr-2021 12:27:17,ee_alterhb,1
3,6,2,8,NaN,1,1,1,0,0,0,0,0,0,2,2,2,8,8,8,8,8,8,3,4,3,5,4,3,2,3,5,100,100,Game1,20210428,122717,0,42821,Twenty,/Users/wang/WANG/Lab/Lab_Fellous/RawData_RatExploration/Exploration_Twenty/RawData/042821,281,20210428,122717,28-Apr-2021 12:27:17,ee_alterhb,2
